first_name,last_name,email,phone,latitude,longitude
Micky,Jesty,mjesty0@scribd.com,858-947-3424,7.7713572,-72.2261466
Rorke,Bernet,rbernet1@jimdo.com,439-302-9527,45.2304394,20.5226818
Mycah,Graeber,mgraeber2@wp.com,886-232-8476,-7.76929,114.2241895
Quincey,McNeachtain,qmcneachtain3@foxnews.com,704-752-1916,49.4395013,20.5190522
Ramonda,Kirlin,rkirlin4@dyndns.org,221-297-5829,53.9842593,124.0715933
Nicol,Grouer,ngrouer5@hostgator.com,811-541-4520,46.975033,31.9945829
Gillian,Raspison,graspison6@arizona.edu,257-172-7126,-8.6417702,126.3795987
Donella,Akers,dakers7@bigcartel.com,897-796-1133,,
Tate,Hassan,thassan8@hatena.ne.jp,207-434-8910,-20.1851206,-44.7711099
Eolande,Walburn,ewalburn9@networkadvertising.org,705-602-0886,-6.3621916,106.8502879
Kania,Semonin,ksemonina@dmoz.org,276-897-9260,39.5328915,25.0121584
Corbin,Gionettitti,cgionettittib@example.com,247-752-9036,-6.9108565,107.1768464
Efren,Ollive,eollivec@indiatimes.com,979-302-6284,50.8441485,17.7283013
Aubree,Wildbore,awildbored@netscape.com,552-471-5750,22.3032923,105.876004
Doy,Sygroves,dsygrovese@yahoo.co.jp,926-523-6230,32.6947983,-17.0982397
Niels,Domerque,ndomerquef@1und1.de,871-122-1694,14.2647129,121.0062678
Isis,Krook,ikrookg@craigslist.org,493-419-6675,-38.0123723,-57.5938573
Gibbie,Minnis,gminnish@mayoclinic.com,541-327-1435,27.457067,120.642047
Shandy,Feragh,sferaghi@omniture.com,871-500-5339,53.0651548,20.3482376
Gordie,Crosston,gcrosstonj@hao123.com,699-394-0770,22.198745,113.543873
Weston,Drysdale,wdrysdalek@utexas.edu,632-424-7784,32.55492,73.2122
Candace,Daffey,cdaffeyl@state.gov,742-426-4909,9.9044207,105.1668326
Vita,MacGown,vmacgownm@ameblo.jp,368-585-7750,-15.4524821,-47.6093177
Gerome,Winborn,gwinbornn@icio.us,781-692-8108,42.1072582,-72.5815752
Rose,Dumpleton,rdumpletono@ucoz.com,161-932-0438,-7.1568,107.9439
Denys,Giacomuzzi,dgiacomuzzip@icio.us,733-612-7882,-6.2948133,106.7205154
Sukey,Justham,sjusthamq@ocn.ne.jp,982-850-7087,30.614049,104.067152
Adda,Pidgin,apidginr@hud.gov,884-165-0262,25.461545,118.31969
Nance,Deverille,ndeverilles@weibo.com,583-391-3430,32.840217,117.229368
Veriee,Mohring,vmohringt@weibo.com,246-192-0398,-8.4855,115.2265
Indira,Fishlee,ifishleeu@house.gov,393-637-0930,15.983333,44.233333
Paul,Crocroft,pcrocroftv@oracle.com,999-114-2509,50.59219,3.4387783
Mendie,Pegrum,mpegrumw@over-blog.com,106-938-2921,28.970079,118.859457
Shea,Ferenc,sferencx@archive.org,750-801-3454,,
Darby,Dominy,ddominyy@uiuc.edu,649-613-0781,-7.0405,113.6397
Edwina,Schwandermann,eschwandermannz@mtv.com,519-272-1731,29.689847,121.28259
Kimberlyn,Marquess,kmarquess10@privacy.gov.au,478-104-2239,34.746611,113.625328
Mel,Josefowicz,mjosefowicz11@diigo.com,648-725-8623,41.4808684,-8.3624629
Laurette,Happer,lhapper12@cdc.gov,264-341-7280,46.3491846,-1.0849968
Franni,Shelliday,fshelliday13@unblog.fr,281-246-6373,-21.1877747,-41.8799408
Ami,Measom,ameasom14@sohu.com,731-377-1359,26.458254,114.786182
Rice,Abbet,rabbet15@lycos.com,622-523-1252,-7.8533911,111.2994071
Wendie,Skamal,wskamal16@ovh.net,749-913-8731,62.4232512,21.4744125
Fax,Cuel,fcuel17@senate.gov,982-566-8731,-26.2886266,27.8454627
Fidole,Waddy,fwaddy18@fema.gov,214-414-4358,-7.3118486,108.6383454
Pamella,Davidovici,pdavidovici19@comsenz.com,921-797-8301,33.157445,106.834805
Bessy,Blooman,bblooman1a@nps.gov,696-280-6671,41.1782587,-8.3257127
Bjorn,Hulburd,bhulburd1b@archive.org,531-322-7003,55.7242814,37.1853286
Raquel,Kurt,rkurt1c@globo.com,197-485-8740,54.632283,-8.5946591
Carlynne,Pochet,cpochet1d@huffingtonpost.com,434-149-9731,-8.0119417,111.8941208
Enrika,Lanphier,elanphier1e@t-online.de,216-835-0446,41.4833449,-8.2551219
Ula,McDermott,umcdermott1f@yellowpages.com,527-455-3832,39.305219,-8.6288405
Chauncey,Van Dale,cvandale1g@yellowbook.com,581-789-1898,-7.7480174,-37.6346628
Danya,Dunham,ddunham1h@slashdot.org,358-627-0569,55.7711328,39.1006189
Danita,Monkley,dmonkley1i@sohu.com,576-972-9468,-26.7816035,31.9302449
Dugald,Roadnight,droadnight1j@google.nl,565-522-4825,-7.4066528,108.7719766
Kirbee,Walden,kwalden1k@storify.com,702-247-3995,56.9438063,51.0642669
Alexander,Fullager,afullager1l@mashable.com,390-869-5907,30.63963,114.385538
Meir,Ludwikiewicz,mludwikiewicz1m@infoseek.co.jp,224-208-0670,32.033607,35.263935
Walsh,Annetts,wannetts1n@princeton.edu,134-254-7944,8.5705151,8.3088441
Margalo,Robson,mrobson1o@newyorker.com,839-115-1426,50.61404,22.97512
Murdock,Zorro,mzorro1p@networksolutions.com,757-200-3806,32.165,108.8822222
Jandy,Blennerhassett,jblennerhassett1q@umich.edu,395-848-6838,25.60162,103.817356
Keefer,Shellard,kshellard1r@comcast.net,280-798-6175,7.882761,-76.624692
Derwin,Daingerfield,ddaingerfield1s@wordpress.org,615-119-6179,49.0096906,2.5479245
Corey,Ber,cber1t@naver.com,722-581-7700,13.6910654,100.614025
Ann,Harvett,aharvett1u@omniture.com,831-217-9705,44.8529367,0.4881056
Kean,Rampling,krampling1v@apache.org,393-332-5257,13.7850134,100.4959857
Sax,Bedenham,sbedenham1w@homestead.com,545-740-4092,,
Wake,Gosart,wgosart1x@google.nl,493-938-4569,,
Cosme,Challiss,cchalliss1y@mozilla.com,370-762-6619,38.263135,113.650485
Latrena,Minchinden,lminchinden1z@arstechnica.com,466-281-2356,57.50622,12.057449
Clerc,Grooby,cgrooby20@theguardian.com,460-965-6011,49.8445266,18.0838678
Dar,Welldrake,dwelldrake21@taobao.com,290-249-6775,43.2082756,46.0845137
Bendite,Kelby,bkelby22@1688.com,736-896-9857,28.682309,118.244769
Leshia,Chesnay,lchesnay23@cnet.com,784-370-8488,4.9030522,114.939821
Tiena,Pancoast,tpancoast24@eventbrite.com,336-527-6777,-23.5198964,-46.3408798
Adelbert,Showt,ashowt25@apache.org,329-881-0829,56.0463429,12.7045118
Happy,Lippatt,hlippatt26@amazon.co.uk,220-900-8874,59.79769,30.5550816
Roma,McEachern,rmceachern27@ucoz.com,670-252-3319,50.1934213,18.7546431
Bebe,Seleway,bseleway28@vinaora.com,978-230-9222,-6.4306844,106.7175669
Yolanthe,Vennart,yvennart29@ameblo.jp,879-561-6433,34.269432,118.625848
Berrie,Ortsmann,bortsmann2a@flavors.me,552-892-4414,,
Adlai,Fagence,afagence2b@dell.com,768-630-4152,,
Derk,Derx,dderx2c@npr.org,157-770-9072,27.974248,120.632896
Cece,Killeen,ckilleen2d@addthis.com,283-779-6449,-22.384597,-41.7828793
Brenda,Foden,bfoden2e@washingtonpost.com,648-795-5754,3.1121428,101.6935065
Terrie,Matt,tmatt2f@bloomberg.com,337-283-3659,22.863502,114.333767
Belita,Dimsdale,bdimsdale2g@nyu.edu,819-231-2269,51.7610501,5.5510411
Anselm,Costigan,acostigan2h@yellowbook.com,400-498-5276,42.2431463,27.760764
Korie,Collingwood,kcollingwood2i@facebook.com,281-825-3606,-14.9186136,13.5321234
Glyn,Knightly,gknightly2j@skyrock.com,193-787-7371,49.2272998,2.8814002
Beatriz,Caig,bcaig2k@unc.edu,421-304-0047,31.917522,35.032191
Meryl,Zecchinii,mzecchinii2l@redcross.org,529-809-6485,47.6124206,39.7100993
Jehu,Baynton,jbaynton2m@washingtonpost.com,743-519-3837,-5.657692,132.991547
Madel,Loren,mloren2n@discuz.net,625-363-3693,48.6059152,-4.1166788
Theresa,Klousner,tklousner2o@yolasite.com,262-699-8078,0.0637715,31.3541631
Silva,Bains,sbains2p@google.com,174-117-0060,54.0278591,44.8841712
Joseph,Fargher,jfargher2q@paypal.com,994-402-4452,-7.0110378,110.3919493
Brooke,De Ambrosis,bdeambrosis2r@seattletimes.com,721-179-9159,57.0408915,24.0131821
Yorker,Plant,yplant2s@youtube.com,469-884-6299,32.6521604,130.675613
Morganne,Blesli,mblesli2t@google.ru,355-824-9325,-7.6645385,111.3158022
Rodrique,Rolles,rrolles2u@nbcnews.com,970-994-2339,-17.1406793,-71.8230371
Herculie,Penfold,hpenfold2v@topsy.com,773-794-9024,34.675197,103.498609
Herculie,Bales,hbales2w@nationalgeographic.com,254-863-7857,51.9560027,5.9280255
Sylvia,Flowers,sflowers2x@businesswire.com,910-200-1010,42.10667,21.10889
Sherman,Brugemann,sbrugemann2y@networkadvertising.org,579-146-8425,-7.9419581,113.9506727
Bevin,Mapes,bmapes2z@ifeng.com,903-658-4853,-8.5639937,122.6164409
Nicola,Mumberson,nmumberson30@nsw.gov.au,520-578-6865,40.1014047,44.3906123
Yorke,Shilstone,yshilstone31@tripod.com,257-766-9938,28.112525,112.989854
Davis,Bloyes,dbloyes32@bloomberg.com,383-833-5645,48.9005909,2.5197726
Bunny,McCrae,bmccrae33@amazon.com,237-108-6261,41.226934,-8.3815652
Sophie,Heliet,sheliet34@tuttocitta.it,346-377-3293,46.228975,125.341286
Katlin,Terrell,kterrell35@discuz.net,946-502-6144,45.9402271,15.4773182
Korella,Weight,kweight36@dedecms.com,128-807-4497,9.1249562,124.7445365
Sidonnie,Hitschke,shitschke37@mtv.com,686-787-8281,-35.6767854,174.3471899
Bruce,Letch,bletch38@webeden.co.uk,494-787-4523,28.39895,113.02064
Constantino,Sallarie,csallarie39@seesaa.net,372-773-7654,45.70734,5.534063
Tabbi,Waylett,twaylett3a@prweb.com,720-971-4487,8.235581,123.8545713
Callida,Clemenceau,cclemenceau3b@telegraph.co.uk,803-953-6836,63.8737727,20.0874486
Gabriellia,Bladon,gbladon3c@parallels.com,387-562-6808,-7.0431437,111.3679689
Kalindi,Casement,kcasement3d@opensource.org,286-995-4615,30.592849,114.305539
Ashley,Widdecombe,awiddecombe3e@answers.com,829-778-9650,13.7527691,123.8623691
Kimberly,Vost,kvost3f@bigcartel.com,346-778-1968,49.2575136,106.4385875
Lyndsay,Coleshill,lcoleshill3g@oaic.gov.au,572-368-6462,34.8439922,36.9299219
Farah,Rasp,frasp3h@list-manage.com,926-794-9027,,
Keefer,Dehm,kdehm3i@blogtalkradio.com,387-567-2653,-23.5390859,-46.3116591
Kellia,Cowland,kcowland3j@hostgator.com,337-146-9145,39.7575072,-8.7329478
Philomena,Castagneri,pcastagneri3k@friendfeed.com,649-810-9545,,
Jamesy,Clowney,jclowney3l@virginia.edu,307-528-7637,24.9936281,121.3009798
Rickie,Thoma,rthoma3m@xing.com,407-488-9183,43.5414515,-5.8855146
Devin,Krause,dkrause3n@hp.com,173-636-8913,50.1601386,107.3956619
Jessalin,Glanister,jglanister3o@imgur.com,647-868-7763,46.2657181,-81.771057
Kennett,Pennycord,kpennycord3p@cdbaby.com,965-710-1883,31.850989,35.183103
Barnard,Saterthwait,bsaterthwait3q@mail.ru,412-335-9196,46.023082,124.734722
Olly,Dreossi,odreossi3r@narod.ru,400-249-4142,-4.4375425,102.9090191
Ilaire,Breitling,ibreitling3s@whitehouse.gov,722-723-2459,56.5155642,64.631671
Kayne,Kobel,kkobel3t@cocolog-nifty.com,336-974-1111,36.04,-80
Killy,Pinkney,kpinkney3u@dropbox.com,111-219-3200,33.044814,106.656635
Hyman,Burnhard,hburnhard3v@rambler.ru,530-897-0569,,
Colette,Suttell,csuttell3w@army.mil,651-949-9136,61.8245883,16.1406946
Umeko,Zimmermeister,uzimmermeister3x@buzzfeed.com,940-994-9032,-40.7632504,-71.638725
Tallie,Bruni,tbruni3y@jalbum.net,750-425-2119,-38.8248331,-68.0677378
Farica,Haily,fhaily3z@edublogs.org,619-396-1777,14.572396,120.995514
Teodorico,Moresby,tmoresby40@google.com.au,664-387-2426,-7.1785873,-76.6889136
Ollie,Buffham,obuffham41@people.com.cn,259-885-3727,14.6489525,2.1450245
Smith,McKniely,smckniely42@marketwatch.com,535-969-2694,9.9165452,-84.1014639
Merrick,Arnaudi,marnaudi43@arstechnica.com,545-380-3612,6.3802946,116.4246476
Demeter,McDyer,dmcdyer44@sitemeter.com,885-588-0725,23.992676,115.703598
Cob,Colrein,ccolrein45@usda.gov,207-408-9427,53.2987724,-6.366762
Eustace,Tellenbrok,etellenbrok46@bloglovin.com,455-610-8619,30.108216,104.677091
Eli,Dods,edods47@etsy.com,805-663-7038,-16.4078661,-49.1828385
Burg,Tuftin,btuftin48@dell.com,283-692-9805,52.1957118,39.0988859
Warde,Duprey,wduprey49@bing.com,850-139-9458,30.6795086,30.9427433
Shaun,Beton,sbeton4a@tumblr.com,408-909-3526,42.53283,113.83172
Wallie,Rumming,wrumming4b@netlog.com,217-946-2229,14.5743433,102.5527505
Cosette,Porson,cporson4c@wix.com,671-162-8141,40.819371,122.248779
Emmery,Whetnell,ewhetnell4d@europa.eu,506-926-4184,34.8190348,36.1192307
Kiri,Drury,kdrury4e@wsj.com,278-764-8919,7.7630152,5.7247169
Abdel,Summerhayes,asummerhayes4f@ted.com,224-514-4624,58.3209912,15.1341949
Tirrell,McCollum,tmccollum4g@answers.com,291-811-3673,57.8282585,28.2416397
Tabbi,Lude,tlude4h@globo.com,597-471-6728,43.5827565,19.5266606
Allis,Hug,ahug4i@nature.com,349-809-8332,10.9357,122.4932
Pandora,Guillotin,pguillotin4j@livejournal.com,738-531-7098,40.347979,-7.0160004
Gay,Forker,gforker4k@google.es,124-631-7101,40.1145846,44.2706023
Ogdon,Whetnall,owhetnall4l@t.co,225-787-8629,-7.1044542,107.9146687
Martyn,Carbery,mcarbery4m@samsung.com,164-263-3554,-6.9560364,107.4135643
Heriberto,Greenier,hgreenier4n@boston.com,192-910-1006,-8.7368981,24.9872821
Barbey,Ewell,bewell4o@feedburner.com,797-615-5909,-8.0522759,114.1677159
Humfrey,Joule,hjoule4p@list-manage.com,719-643-8304,16.9112786,120.5714754
Karlee,Kloska,kkloska4q@creativecommons.org,433-617-2245,18.1219608,121.6723186
Lester,Groven,lgroven4r@paypal.com,330-826-5076,49.3230985,28.0823146
Linn,Borzoni,lborzoni4s@theglobeandmail.com,935-691-4695,4.6096768,101.1064003
Murielle,Gidney,mgidney4t@biglobe.ne.jp,992-731-5894,54.1347287,33.2921685
Denny,Fairbeard,dfairbeard4u@independent.co.uk,703-982-3075,43.0429124,1.9038837
Brenden,Schirok,bschirok4v@prweb.com,910-332-6446,34.14,-77.92
Lexi,Pinsent,lpinsent4w@forbes.com,293-690-2587,30.059549,-115.725753
Vi,Nickolls,vnickolls4x@prweb.com,202-585-1270,-3.6062721,128.2480302
Jelene,Skala,jskala4y@virginia.edu,711-806-1361,51.5835029,18.942743
Gilberte,Hertwell,ghertwell4z@squidoo.com,892-210-1076,4.953434,-77.366019
Bennie,Isaacs,bisaacs50@jimdo.com,341-758-5160,12.4082969,9.5291085
Harris,Espinazo,hespinazo51@miitbeian.gov.cn,102-904-6539,-3.0114,133.7626
Lisette,Fleckney,lfleckney52@de.vu,596-402-8733,59.1779971,18.1593939
Irv,Guarnier,iguarnier53@4shared.com,259-414-2020,-19.6971554,44.5431306
Andros,Spurnier,aspurnier54@abc.net.au,587-839-3024,-8.1221236,112.0640052
Petunia,Cahalin,pcahalin55@hubpages.com,852-910-7962,,
Mill,Leyborne,mleyborne56@craigslist.org,640-194-8418,13.1641308,100.9216588
Jayme,Kalb,jkalb57@homestead.com,588-611-2126,9.1374129,125.5593311
Bren,Ewells,bewells58@digg.com,342-628-0114,-24.383333,25.85
Josh,Litster,jlitster59@economist.com,280-325-8121,37.943121,115.217658
Stacy,Grouer,sgrouer5a@howstuffworks.com,574-195-5572,33.1184269,67.778633
Zandra,Johann,zjohann5b@tamu.edu,542-742-0284,-7.5450262,111.6556388
Orin,Folks,ofolks5c@seattletimes.com,119-807-2627,47.59585,126.100213
Thia,Coyte,tcoyte5d@globo.com,739-114-8143,5.6080848,-54.398656
Fernanda,Beddow,fbeddow5e@networkadvertising.org,700-876-7648,13.1029,123.6999
Kipp,Norfolk,knorfolk5f@ycombinator.com,863-998-4501,29.763892,121.513271
Octavius,O'Dare,oodare5g@shop-pro.jp,112-831-2428,38.299031,-8.4830925
Terrye,Saile,tsaile5h@etsy.com,964-283-8494,37.433963,118.674614
Nerissa,Thieme,nthieme5i@pagesperso-orange.fr,530-279-3401,46.814102,130.375062
Boony,Raubheim,braubheim5j@topsy.com,266-559-4503,24.765091,110.506663
Lucila,Bernardinelli,lbernardinelli5k@cisco.com,597-963-2908,19.4849192,-72.483507
Barrie,Thebeau,bthebeau5l@imgur.com,802-318-0063,49.2030849,25.9034702
Justis,Coleborn,jcoleborn5m@auda.org.au,580-323-5974,55.874736,26.536179
Bruis,Jozsika,bjozsika5n@pcworld.com,873-915-5863,57.4341878,40.3148687
Dasie,Mucklo,dmucklo5o@t.co,808-213-4978,29.737993,114.686707
Margareta,Mulder,mmulder5p@census.gov,457-519-3560,43.7441795,2.511999
Michaela,Glew,mglew5q@geocities.com,968-290-1734,14.5815638,121.0677092
Rosa,Derell,rderell5r@msu.edu,250-990-8729,37.9168548,23.7186146
Merrielle,Lillow,mlillow5s@twitter.com,872-550-9371,51.7204294,94.442401
Peg,Woolner,pwoolner5t@census.gov,714-915-9342,41.3922962,-8.3323796
Florance,Joslyn,fjoslyn5u@networksolutions.com,551-859-7333,,
Penni,Newland,pnewland5v@goodreads.com,574-536-5746,48.6939078,2.3491182
Kathye,Ducker,kducker5w@shop-pro.jp,703-316-5966,40.7174599,23.044765
Susanna,Howselee,showselee5x@youtu.be,875-412-7148,36.498937,117.026653
Ad,Gagie,agagie5y@dedecms.com,241-938-2721,36.307064,120.39631
Christy,Beevens,cbeevens5z@unc.edu,493-501-4750,9.74084,-75.519872
Georas,McGiveen,gmcgiveen60@nbcnews.com,675-341-2257,28.685085,115.899262
Aloise,Goadbie,agoadbie61@cbc.ca,678-935-3950,14.5458392,121.0044883
Annora,Aldred,aaldred62@irs.gov,334-432-7730,55.7133263,37.8049211
Sib,Radley,sradley63@netvibes.com,318-559-4325,32.59,-93.85
Renaldo,Keam,rkeam64@tripadvisor.com,558-813-6867,51.962948,-1.875716
Aeriel,Edis,aedis65@ed.gov,723-596-7379,1.1607823,34.2866091
Gus,Howarth,ghowarth66@businesswire.com,130-400-1420,10.9525339,125.027158
Leila,Dy,ldy67@umn.edu,850-803-5954,53.1891447,158.3871557
Judy,Jaye,jjaye68@qq.com,149-767-8991,37.9220464,23.454723
Maire,Garment,mgarment69@cloudflare.com,451-760-8463,,
Normie,Fido,nfido6a@rambler.ru,796-889-9172,11.183333,42.933333
Rita,Towson,rtowson6b@wordpress.org,483-797-9793,6.2317308,118.0689847
Ricoriki,Earie,rearie6c@prnewswire.com,860-302-5576,56.501455,25.878299
Wayland,Maldin,wmaldin6d@webnode.com,947-285-3796,-4.1034782,-81.0451037
Georgetta,Readie,greadie6e@people.com.cn,827-900-0091,39.344338,113.973592
Faina,Smooth,fsmooth6f@unc.edu,525-413-1642,48.816388,44.4777899
Bret,Kenworthy,bkenworthy6g@shareasale.com,114-624-1510,53.5325424,91.9206341
Toby,Nordass,tnordass6h@ovh.net,101-493-9170,32.5992796,73.4803095
Hastie,Robins,hrobins6i@usda.gov,979-733-0960,39.2259226,23.2195437
Buckie,Aiers,baiers6j@illinois.edu,323-329-9888,,
Corney,Bartens,cbartens6k@shinystat.com,660-137-2564,36.3063646,127.5712809
Sheeree,Nevinson,snevinson6l@answers.com,406-847-3892,19.3376878,-99.0591821
Nickolaus,Bidewel,nbidewel6m@dailymotion.com,646-829-9815,-6.3414379,106.9831434
Mycah,Honeyghan,mhoneyghan6n@auda.org.au,552-470-8498,34.620202,112.453926
Ramon,Bramley,rbramley6o@stumbleupon.com,668-841-3840,22.3407612,-80.5577336
Janaye,Croshaw,jcroshaw6p@blogtalkradio.com,377-305-4465,39.664138,-8.5173008
Dalton,Leyson,dleyson6q@rambler.ru,438-289-5221,38.7655253,-9.3448465
Heath,Maps,hmaps6r@hibu.com,423-943-6606,-31.6577222,-60.7829517
Beckie,Tatem,btatem6s@time.com,179-966-1990,28.650272,77.1232581
Kristan,Dobbin,kdobbin6t@jiathis.com,861-749-1038,22.454651,109.682148
Felic,Brown,fbrown6u@gmpg.org,155-496-4419,41.2525891,-7.8102718
Bobbee,Spacie,bspacie6v@japanpost.jp,774-650-9288,39.803681,112.073298
Ofella,De Blasiis,odeblasiis6w@si.edu,954-702-6368,57.630161,25.692493
Rodrique,Lanigan,rlanigan6x@google.com,795-891-5457,50.5658445,14.6542767
Patton,Baike,pbaike6y@msn.com,606-509-0623,,
Erminia,Austing,eausting6z@uiuc.edu,831-411-3424,57.6959194,11.8724097
Gena,Gutsell,ggutsell70@adobe.com,779-236-4558,-26.5325948,29.0706468
Davy,Vannacci,dvannacci71@e-recht24.de,162-812-3862,26.630845,106.750625
Brianne,O'Hanlon,bohanlon72@goo.gl,781-314-0635,-28.6038255,32.086585
Delora,Hallatt,dhallatt73@businesswire.com,614-111-0524,19.5663947,109.949686
Rafaello,Chaulk,rchaulk74@bravesites.com,696-965-7025,49.3496761,18.180271
Prinz,Isitt,pisitt75@qq.com,699-639-9136,2.9405941,9.9101915
Richy,Schutze,rschutze76@aboutads.info,871-997-0192,33.9278354,-6.9051819
Dale,Hassall,dhassall77@youtu.be,952-483-0406,,
Levi,Terbrug,lterbrug78@senate.gov,610-549-6424,45.8697083,43.3478599
Vittorio,Piddlesden,vpiddlesden79@miitbeian.gov.cn,430-412-3458,-4.083677,123.1983974
Trescha,Asplin,tasplin7a@auda.org.au,391-346-0064,49.7241948,20.4545876
Ingar,Binnell,ibinnell7b@bbc.co.uk,808-363-7436,62.6274285,23.8122978
Alf,Lukas,alukas7c@vinaora.com,661-527-6404,47.498123,33.9169021
Mikael,Yerbury,myerbury7d@rakuten.co.jp,252-991-2314,-51.6977129,-57.8516627
Rosie,Josovich,rjosovich7e@sphinn.com,501-197-8518,34.8511873,-92.3320235
Godfrey,Swinfen,gswinfen7f@cnn.com,909-426-5400,40.3942251,-7.8103942
Oralia,Spikings,ospikings7g@google.com.hk,248-233-5504,48.652412,32.5077211
Bern,Gillison,bgillison7h@drupal.org,586-648-4930,40.2269318,-8.5714359
Edi,Curling,ecurling7i@reddit.com,403-380-5581,19.6686032,-72.1268032
Kalli,Rough,krough7j@tmall.com,324-850-3834,-2.7195658,120.2628111
Freddie,Bemlott,fbemlott7k@wufoo.com,909-131-0227,11.940477,-86.1878899
Garrett,Goodlake,ggoodlake7l@craigslist.org,699-465-3486,12.4651824,103.8911999
Genni,Gretham,ggretham7m@shop-pro.jp,591-652-4205,52.3974171,19.735653
Adorne,Erbe,aerbe7n@sun.com,234-258-1670,-7.0401751,107.7132895
Wood,Willoway,wwilloway7o@wiley.com,767-118-0629,60.9182792,24.6382505
Dani,MacDaid,dmacdaid7p@a8.net,765-249-8966,44.9153318,19.4516353
Roxana,McIlory,rmcilory7q@nhs.uk,905-495-1915,-7.3475648,108.1576908
Marve,Rozzell,mrozzell7r@xrea.com,474-133-7908,,
Grier,Mcwhinney,gmcwhinney7s@furl.net,122-221-9506,25.5311276,69.0397556
Klara,Ottam,kottam7t@domainmarket.com,278-867-5343,21.6495224,-79.2451149
Catharina,Duchasteau,cduchasteau7u@bloomberg.com,909-508-6549,,
Constantine,Cogswell,ccogswell7v@yelp.com,113-311-0301,17.292049,96.5756695
Lottie,Burrells,lburrells7w@google.com.au,424-365-9351,48.9942371,24.1867294
Amalee,Cozzi,acozzi7x@yelp.com,449-890-2294,15.678696,104.1040204
Van,Erswell,verswell7y@wordpress.com,756-942-3282,-20.0722773,57.6184076
Alford,Middle,amiddle7z@usgs.gov,603-507-3977,30.86006,108.650157
Reba,Revett,rrevett80@tripadvisor.com,780-548-7261,28.214419,121.293705
Felipa,Rennebeck,frennebeck81@unc.edu,569-150-0030,57.0228035,28.9142107
Nona,Standish-Brooks,nstandishbrooks82@nytimes.com,710-791-4964,42.5246357,87.5395855
Alfonso,Maplestone,amaplestone83@devhub.com,531-715-6642,39.133989,-7.5865443
Saloma,Giacobelli,sgiacobelli84@ask.com,262-828-4729,-30.9178625,-55.5469032
Edith,Luckey,eluckey85@marriott.com,545-708-9328,30.619516,110.400306
Andrei,Foulkes,afoulkes86@springer.com,217-301-3119,,
Kendra,O'Kenny,kokenny87@oakley.com,410-105-8315,1.283678,103.847692
Sigismond,Pentycross,spentycross88@cdc.gov,443-150-6077,53.0353444,5.6840137
Bibbye,Flux,bflux89@linkedin.com,257-699-8271,8.9172672,17.5505152
Sibby,Beuscher,sbeuscher8a@marriott.com,359-810-0374,14.1999624,100.5749629
Gary,Hordle,ghordle8b@ted.com,883-111-4126,-2.4706347,29.5774616
Lesya,Jan,ljan8c@acquirethisname.com,627-651-8660,,
Bondy,Colquite,bcolquite8d@amazon.com,261-533-5808,-9.5663,119.8145
Darill,Gaggen,dgaggen8e@icq.com,312-974-7686,-6.1624112,106.7974566
Romeo,Waghorn,rwaghorn8f@ucsd.edu,392-184-9930,35.8232602,139.5521867
Normand,Pipe,npipe8g@apache.org,490-348-6287,-22.5306158,-52.1708052
Corbett,Sinfield,csinfield8h@cbc.ca,656-311-5223,-6.5211331,106.8502879
Merwin,Baudouin,mbaudouin8i@networkadvertising.org,743-663-3569,41.93167,21.01333
Wiatt,Hilldrup,whilldrup8j@statcounter.com,690-680-8336,38.0324108,114.6843819
Anne,Shipcott,ashipcott8k@blogtalkradio.com,185-579-7788,7.3488,125.7782
Lennard,Arblaster,larblaster8l@discuz.net,779-276-8767,-4.0434771,39.6682065
Meade,Paulisch,mpaulisch8m@cbslocal.com,545-144-0165,35.4035493,140.3449585
Euphemia,Vallens,evallens8n@issuu.com,114-205-8832,5.011706,-74.470362
Alfredo,Dudin,adudin8o@ucoz.com,717-766-8424,40.2684396,-76.8832658
Dominga,Bertie,dbertie8p@nsw.gov.au,598-315-0104,40.8276499,140.4491245
Roanna,Rugieri,rrugieri8q@yellowpages.com,858-844-3059,43.5773738,3.8189307
Sorcha,Blanque,sblanque8r@webnode.com,912-356-8920,36.6850384,117.0714935
Garret,Scruby,gscruby8s@un.org,720-115-9130,30.434801,92.060395
Caresa,Bonnesen,cbonnesen8t@disqus.com,335-105-9308,36.409259,99.679959
Winny,Sweetmore,wsweetmore8u@fema.gov,758-950-0668,35.4889372,139.3909552
Benedikt,Braz,bbraz8v@cnet.com,898-670-7362,36.604225,116.249785
Salem,Rainer,srainer8w@bbb.org,451-377-9475,-6.8348685,110.6735079
Dell,Huskisson,dhuskisson8x@tinyurl.com,441-422-4878,25.362088,118.691608
Mickey,Harriot,mharriot8y@ft.com,957-948-5309,34.4345947,35.8361633
Foster,Doodney,fdoodney8z@blinklist.com,854-715-8590,15.8136606,119.934653
Hilliary,Rustedge,hrustedge90@jigsy.com,253-978-7643,54.2315533,18.7647749
Wells,Tackes,wtackes91@vistaprint.com,627-693-7267,28.220406,121.038129
Freddie,Duffy,fduffy92@tripadvisor.com,205-549-2603,33.7098769,-117.7431372
Aggy,Guilleton,aguilleton93@alexa.com,559-280-5339,32.8744365,129.9735343
Melessa,Goulding,mgoulding94@ycombinator.com,633-148-6650,,
Ingeberg,Wooton,iwooton95@nationalgeographic.com,755-476-0896,59.2375852,15.1301177
El,Gallie,egallie96@nifty.com,549-975-7190,5.0792613,-75.4111644
Roxanne,Hazlewood,rhazlewood97@desdev.cn,581-701-3897,31.904326,107.762268
Alicea,Daviddi,adaviddi98@google.ca,561-891-3547,38.3692314,140.0575901
Saba,Gartshore,sgartshore99@shop-pro.jp,824-827-2534,48.7471816,2.3572729
Theodora,Spirritt,tspirritt9a@skyrock.com,420-254-0564,33.9230243,-84.3150822
Theodore,Pundy,tpundy9b@boston.com,288-435-5062,38.9458437,-8.9978149
Kylie,Ferraro,kferraro9c@google.es,475-841-8411,-6.2671905,107.1010641
Aaren,Colquit,acolquit9d@pinterest.com,685-301-5012,-6.3347209,105.9552997
Flem,Radwell,fradwell9e@163.com,415-538-4576,-22.9506902,-42.0366974
Cordell,Bohan,cbohan9f@mashable.com,149-150-6662,47.7585809,29.5339155
Charo,Trangmar,ctrangmar9g@drupal.org,801-971-9799,15.3749395,-86.6850292
Jenda,Wallentin,jwallentin9h@cocolog-nifty.com,240-200-1680,30.8337059,35.6160558
Brod,Shelvey,bshelvey9i@amazonaws.com,516-362-1818,-17.4013758,-63.8817832
Kennith,Lismore,klismore9j@bloglovin.com,192-618-2268,34.8118351,126.3921664
Derick,Casburn,dcasburn9k@ucla.edu,550-416-2095,8.9908333,150.1227778
Timothy,Stolle,tstolle9l@moonfruit.com,298-792-6208,23.1343601,-82.3533266
Darbie,Walworche,dwalworche9m@youtube.com,781-599-3397,9.6356686,123.8501765
Aloysius,Slaght,aslaght9n@hatena.ne.jp,115-978-8355,37.0734616,-8.7751983
Eugene,Woodman,ewoodman9o@domainmarket.com,186-662-2670,44.1799774,18.9418196
Milicent,Farnhill,mfarnhill9p@domainmarket.com,880-781-6525,-21.7699268,-43.3309142
Karisa,Charlton,kcharlton9q@sbwire.com,738-870-1552,-9.4964,119.2262667
Amelita,Rouby,arouby9r@geocities.com,214-444-9606,,
Nara,Bellon,nbellon9s@mapy.cz,981-198-1240,59.3269612,13.4662133
Cori,Janota,cjanota9t@topsy.com,478-260-7929,12.5951892,6.5863469
Moe,Glandon,mglandon9u@washington.edu,420-313-2497,40.5982816,-8.643537
Rockie,Schaben,rschaben9v@ebay.com,722-516-5290,-6.59278,106.51306
Sonnnie,Bondar,sbondar9w@oakley.com,425-210-4814,26.662155,102.242653
Ailbert,Pashan,apashan9x@chron.com,620-944-9077,52.1814619,32.583994
Carena,Norheny,cnorheny9y@dagondesign.com,227-978-7611,39.0927696,-9.0571089
Lorie,Gerrett,lgerrett9z@uiuc.edu,194-408-8793,1.35317,173.04259
Lyndsie,Fawley,lfawleya0@digg.com,310-140-0712,35.4449242,-5.0937101
Lanie,Burriss,lburrissa1@friendfeed.com,998-783-7815,31.298974,120.585289
Aileen,Adcock,aadcocka2@github.io,514-174-2201,10.1096551,99.822979
Sharyl,Ingerson,singersona3@histats.com,571-317-5019,17.7235605,-64.7755669
Killy,Poetz,kpoetza4@umich.edu,920-663-3845,15.7453924,-86.8947789
Dell,Godwin,dgodwina5@nasa.gov,519-950-8335,44.3543084,4.0664945
Carlie,Randalson,crandalsona6@freewebs.com,817-869-2352,48.819324,2.394771
Marci,Ponton,mpontona7@ustream.tv,169-817-1257,10.9808313,-4.9091329
Idalina,Doppler,idopplera8@wsj.com,745-302-6127,-0.9254064,-47.7243139
Tyrone,Overthrow,toverthrowa9@statcounter.com,568-727-0392,43.6158396,45.2369958
Wendy,Pugsley,wpugsleyaa@rediff.com,855-376-7686,-20.6444521,-53.5635637
Harry,Ponsford,hponsfordab@wordpress.org,457-644-1668,-29.8524975,-51.1845782
Nelson,Bernardelli,nbernardelliac@ebay.com,424-675-0436,44.9869042,37.2580021
Dimitri,Ellcock,dellcockad@amazon.co.uk,256-377-3086,22.2092,113.296467
Niki,Farman,nfarmanae@icq.com,438-310-6431,-7.918516,-78.705509
Antonetta,Coltman,acoltmanaf@typepad.com,305-303-2851,8.5531389,123.7669004
Gabriella,Carnall,gcarnallag@jimdo.com,281-964-3862,37.070834,114.504677
Tamara,Bawles,tbawlesah@wordpress.org,244-240-8677,15.2988083,101.3608214
Candie,Franckton,cfrancktonai@joomla.org,598-854-4573,-16.3846284,-51.2213044
Janeen,Smallridge,jsmallridgeaj@elpais.com,847-516-4408,18.252847,109.511909
Ianthe,Bonnette,ibonnetteak@sourceforge.net,221-544-7328,-18.5926206,-46.5203453
Fanchette,Cartmael,fcartmaelal@edublogs.org,603-686-5684,43.2697175,28.0236322
Roseanne,Blinco,rblincoam@yahoo.co.jp,651-526-8843,37.5236561,-8.7860267
Nikola,Lawrenson,nlawrensonan@comcast.net,637-145-4502,48.6658441,30.817434
Wilie,Birkmyre,wbirkmyreao@ask.com,418-353-0461,39.0493793,121.7791025
Arlana,McGairl,amcgairlap@51.la,140-530-0320,47.144225,123.55867
Con,Etherton,cethertonaq@cloudflare.com,657-136-7897,45.161017,1.663862
Damiano,Heald,dhealdar@sfgate.com,669-535-5307,35.440708,117.09616
Bret,Pealing,bpealingas@scientificamerican.com,520-981-3783,41.6698545,-8.4450745
Derick,Ciobotaru,dciobotaruat@ustream.tv,203-108-0275,17.775429,120.683745
Calhoun,Lyddon,clyddonau@goodreads.com,296-868-3367,54.8732209,69.1505479
Arni,Tingly,atinglyav@indiegogo.com,327-465-7857,-23.6126976,-46.9465138
Thoma,Dundridge,tdundridgeaw@nytimes.com,889-888-3099,-22.2528986,-45.7049987
Elnora,Ferraresi,eferraresiax@xinhuanet.com,518-671-5484,-7.1701665,108.3296983
Briny,Lingley,blingleyay@shinystat.com,370-170-1714,2.013818,-75.9373449
Buffy,Tyce,btyceaz@cam.ac.uk,295-897-9316,3.0721692,101.4687196
Heath,McGriffin,hmcgriffinb0@hc360.com,432-730-4781,,
Hermione,Basant,hbasantb1@senate.gov,765-701-2842,-11.2568167,-39.0710754
Maurie,Macklin,mmacklinb2@digg.com,181-319-9328,-30.7875929,-57.7771566
Kale,Scarsbrick,kscarsbrickb3@vkontakte.ru,161-948-7042,31.5707334,73.4895102
Chuck,Gringley,cgringleyb4@indiatimes.com,920-926-6477,54.4413911,83.4937253
Willette,Mintram,wmintramb5@aboutads.info,343-378-0131,14.0228518,100.2151578
Maurine,Truder,mtruderb6@apache.org,917-687-2418,44.1440673,17.398111
Udale,Ferens,uferensb7@pen.io,792-910-9025,-10.1155899,124.0919803
Bruno,Stuehmeyer,bstuehmeyerb8@youku.com,755-988-2825,7.1797684,2.0714223
Bev,Gold,bgoldb9@free.fr,798-454-8644,64.8923524,27.5304357
Olav,Mayho,omayhoba@nyu.edu,426-339-6203,46.1705063,1.8852108
Gusti,Cahill,gcahillbb@4shared.com,816-435-1070,63.8898032,23.9240625
Jennifer,Cullotey,jculloteybc@furl.net,919-362-7897,-8.5083726,115.5672264
Julianna,Cornhill,jcornhillbd@bigcartel.com,431-850-3063,-8.6222433,120.4492035
Aigneis,Camm,acammbe@ycombinator.com,916-296-0814,33.026386,106.002647
Chrissie,Bettenson,cbettensonbf@examiner.com,562-698-0715,41.933917,126.422806
Tess,Crigin,tcriginbg@jimdo.com,189-219-5823,18.5591814,-99.5982999
Malinde,Asel,maselbh@abc.net.au,556-634-8848,8.59207,-70.225082
Sidonnie,Rawls,srawlsbi@reference.com,525-924-9553,30.203152,115.429626
Hubie,Todhunter,htodhunterbj@yandex.ru,394-509-0627,43.235483,43.6687025
Jennifer,Zotto,jzottobk@dmoz.org,873-390-0074,41.0938736,141.3941151
Jeane,Coull,jcoullbl@google.co.uk,256-341-1651,-6.5792655,106.2698669
Micheil,Swaby,mswabybm@1und1.de,163-641-2592,30.6509359,131.0436289
Eugenius,Locard,elocardbn@reference.com,451-843-1890,50.9603536,14.3596743
Abraham,Paute,apautebo@sfgate.com,547-713-7098,32.50847,35.22752
Torr,Stickles,tsticklesbp@mediafire.com,111-804-7542,44.2167852,40.8422117
Virgilio,Vasentsov,vvasentsovbq@hibu.com,443-588-1206,10.4309602,-85.0966591
Humberto,Ibbitson,hibbitsonbr@google.co.jp,893-305-5956,56.9396428,37.3590646
Codie,Ziehm,cziehmbs@xrea.com,227-647-8569,51.4270935,21.3306176
Charley,Extance,cextancebt@about.com,891-133-2410,-5.5813904,-44.3826116
Carolan,Antoniak,cantoniakbu@admin.ch,311-601-4328,49.794945,17.865273
Rustin,Greatbatch,rgreatbatchbv@elegantthemes.com,631-411-5739,41.411881,71.4833652
Gothart,Lockart,glockartbw@liveinternet.ru,881-539-6995,23.018033,-82.3343375
Jean,Corradino,jcorradinobx@engadget.com,994-228-1623,16.7551121,121.7483586
Teresa,Reinisch,treinischby@ifeng.com,404-222-3529,-7.229378,112.774454
Donelle,Physick,dphysickbz@google.nl,132-795-5352,-8.504043,117.428497
Elbert,Pretsell,epretsellc0@moonfruit.com,661-729-3442,22.9081486,-83.1702597
Sabina,Agastina,sagastinac1@census.gov,337-831-7607,-11.8764686,-47.6849007
Gregory,Giovannardi,ggiovannardic2@china.com.cn,678-266-6450,7.1854773,1.9979411
Shir,Roser,sroserc3@ezinearticles.com,510-360-4850,15.1274943,104.5757366
Stevy,Wloch,swlochc4@goodreads.com,498-310-3996,50.20027,17.8287
Licha,Canete,lcanetec5@jigsy.com,710-873-1054,15.0186358,-12.5441446
Dal,Nation,dnationc6@chronoengine.com,435-935-4376,14.6458474,121.0543553
Faulkner,Burgise,fburgisec7@theatlantic.com,222-275-6451,2.9372148,11.9861694
Mose,Bucksey,mbuckseyc8@hexun.com,948-254-5940,46.711547,38.2755861
Patience,Morville,pmorvillec9@taobao.com,876-568-9281,41.3807001,-8.7336232
Kristoffer,Becks,kbecksca@ow.ly,941-685-4219,59.3213754,24.5571211
Marijo,Faunt,mfauntcb@ihg.com,799-239-5764,-6.1869527,106.1698563
Em,Polin,epolincc@jimdo.com,726-551-2322,14.657758,120.9888316
Diann,Lyste,dlystecd@cam.ac.uk,388-888-9058,44.9863911,-93.3808756
Seka,Ondrus,sondrusce@ezinearticles.com,612-378-1143,39.384559,-8.6100623
Guilbert,Scotts,gscottscf@hp.com,667-701-9268,39.4113773,-8.803326
Donni,Batteson,dbattesoncg@trellian.com,457-739-0019,31.839084,106.763842
Constantin,Robinet,crobinetch@jugem.jp,237-137-4072,26.491105,107.589359
Whitney,Reap,wreapci@purevolume.com,652-238-7608,40.417358,117.500558
Peyter,Hyslop,physlopcj@photobucket.com,152-261-0495,14.6171091,120.986275
Franklyn,Crooke,fcrookeck@slashdot.org,711-386-9765,6.6930902,101.3090737
Chad,Bodycote,cbodycotecl@cdbaby.com,630-138-0256,-9.6099,119.6237
Joyous,Cookes,jcookescm@hud.gov,689-104-0162,25.130594,109.768451
Jonathon,Burk,jburkcn@purevolume.com,170-708-0994,53.3412978,46.2520423
Freddie,Braker,fbrakerco@google.ru,490-996-5661,-21.7112092,165.8299327
Verna,Iiannoni,viiannonicp@sogou.com,392-306-6650,-7.3106,106.5946
Georgy,Salerg,gsalergcq@hao123.com,585-711-5330,,
Tony,Matthai,tmatthaicr@unesco.org,257-650-3081,-8.2288463,112.8015745
Laurice,Domange,ldomangecs@usda.gov,601-443-1776,-6.4146234,107.5593913
Hinda,Baldrick,hbaldrickct@addthis.com,833-299-3240,35.7441454,138.4737282
Fernando,Flacknoe,fflacknoecu@wiley.com,370-733-7506,61.2320157,22.0614693
Cooper,Boylan,cboylancv@flavors.me,684-334-4928,-6.8857846,111.2219041
Greta,Blennerhassett,gblennerhassettcw@dot.gov,748-388-6142,52.1867388,16.7971141
Oren,Organer,oorganercx@fastcompany.com,993-454-7338,35.0298547,71.3542319
Freida,Lant,flantcy@hexun.com,450-649-5750,39.10972,117.246625
Madeline,Kielt,mkieltcz@is.gd,444-571-0430,50.969668,18.7293002
Sallyanne,Ridolfo,sridolfod0@phpbb.com,325-174-5435,23.321441,113.558655
Sarena,Folger,sfolgerd1@bandcamp.com,420-472-9879,49.665033,30.9894691
Natalie,Dawkes,ndawkesd2@ustream.tv,112-895-2407,48.2162668,23.3302946
Nowell,Cornelisse,ncornelissed3@google.ca,137-271-7478,2.3390467,42.2880059
Darsie,Benettolo,dbenettolod4@artisteer.com,767-238-1759,35.24069,117.554287
Nicoli,Breslin,nbreslind5@sfgate.com,552-756-5955,48.1406371,38.9367364
Denys,Pattrick,dpattrickd6@prweb.com,153-271-9439,-7.6568317,110.3392399
Alix,Uttermare,auttermared7@google.es,489-372-4284,33.958503,112.170211
Lyell,Jendas,ljendasd8@sitemeter.com,210-895-5330,36.809895,116.428916
Dory,Brimble,dbrimbled9@washingtonpost.com,621-504-0557,48.99534,-123.8161
Allen,Seaborn,aseabornda@geocities.com,927-810-8164,14.5752935,100.4508956
Sax,Palfrey,spalfreydb@unblog.fr,473-148-7132,-11.9239743,-76.6600415
Oneida,Dallaway,odallawaydc@behance.net,414-562-3546,57.7824551,12.2632093
Wanda,Rosa,wrosadd@free.fr,388-656-8629,-7.5450262,111.6556388
Mallory,Rix,mrixde@pen.io,358-723-3876,45.3652354,14.3926584
Neale,Picker,npickerdf@businesswire.com,923-349-6614,17.736328,43.7669217
Kessiah,Spadoni,kspadonidg@blogger.com,960-996-3436,14.6279122,121.0034428
Beret,Jory,bjorydh@shinystat.com,374-942-6612,19.5037694,-99.1324282
Rafferty,Batchan,rbatchandi@comsenz.com,718-617-0859,55.682227,12.5562471
Claudie,Lifsey,clifseydj@surveymonkey.com,702-938-2944,59.9531666,10.7559072
Dewie,Clapison,dclapisondk@purevolume.com,940-226-2253,56.2462038,14.6265298
Bourke,Everit,beveritdl@baidu.com,765-219-4619,-7.9284108,110.3457756
Malvin,Shasnan,mshasnandm@cloudflare.com,662-640-4907,51.1625615,54.9809527
Lynda,Kabos,lkabosdn@auda.org.au,824-551-0714,69.63186,18.9221
Emilia,Cawthorne,ecawthornedo@webeden.co.uk,415-136-3561,-7.3161209,112.7405377
Richmond,Mcall,rmcalldp@nba.com,932-292-1639,21.752396,111.617849
Kikelia,Jenkinson,kjenkinsondq@vinaora.com,631-547-3622,-9.6665263,120.2465683
Yancey,Tackes,ytackesdr@google.ru,406-873-2292,12.6836578,100.901604
Gae,Oseman,gosemands@vinaora.com,434-468-8403,38.8066577,-9.1857991
Gwendolin,Wonham,gwonhamdt@foxnews.com,705-918-7046,50.4350286,18.0987896
Care,Hampe,champedu@devhub.com,195-472-1783,25.464681,99.541236
Cecelia,Slewcock,cslewcockdv@slashdot.org,696-187-3601,,
Dar,Latliff,dlatliffdw@dell.com,842-811-1095,55.7813005,37.6003808
Mickie,Wheway,mwhewaydx@ucsd.edu,800-443-6882,16.4588779,-15.6940454
Talia,Laing,tlaingdy@eepurl.com,256-597-4800,59.2669111,17.8885705
Sylvia,Grutchfield,sgrutchfielddz@mozilla.com,133-298-8109,13.0842191,123.2970961
Eldridge,Hedman,ehedmane0@google.com,243-134-2635,,
Bradan,Bear,bbeare1@disqus.com,894-766-4011,10.1298018,124.1754456
Zahara,Edlyne,zedlynee2@msu.edu,828-876-8987,58.9867399,16.1955511
Jillie,Zorzenoni,jzorzenonie3@army.mil,104-725-0875,-7.5740867,112.28609
Caroljean,Findley,cfindleye4@accuweather.com,135-473-1487,-18.617781,47.709942
Kirsteni,Bowdery,kbowderye5@tripod.com,653-182-8540,49.4629619,17.1804834
Fairlie,Labes,flabese6@nationalgeographic.com,588-472-1234,36.284107,100.620031
Cindie,Winson,cwinsone7@mail.ru,140-390-6254,41.2600949,-8.2803826
Lena,Slaten,lslatene8@europa.eu,540-943-1335,38.0473429,22.6834064
Ilyse,Souch,isouche9@w3.org,827-673-8768,-15.2090734,-39.1959729
Bertie,Sanderson,bsandersonea@telegraph.co.uk,522-245-6177,-17.0806813,-40.9387356
Eduard,Skipton,eskiptoneb@china.com.cn,223-640-5194,46.761348,124.23692
Shandra,Sans,ssansec@shop-pro.jp,693-954-4194,34.7390267,118.4065758
Leontine,Cotelard,lcotelarded@google.es,664-466-6658,38.093189,114.478864
Kara,Stanwix,kstanwixee@printfriendly.com,543-972-5186,32.360409,119.549352
Darcy,McInally,dmcinallyef@a8.net,213-238-8853,-32.1543392,-63.471433
Kerri,Acomb,kacombeg@narod.ru,629-363-4057,31.444052,119.329436
Inesita,Chaters,ichaterseh@accuweather.com,566-978-4614,,
Olvan,Drezzer,odrezzerei@npr.org,347-984-4085,50.4351008,15.2414232
Elbert,Morpeth,emorpethej@ustream.tv,954-573-5509,29.117096,110.479191
Gray,Threlkeld,gthrelkeldek@biblegateway.com,355-939-8769,40.284979,117.134151
Penelopa,Habergham,phaberghamel@homestead.com,514-412-2961,57.8644157,13.4263048
Kali,Hubbuck,khubbuckem@loc.gov,503-342-3665,33.6669335,113.1115294
Emma,Scamadine,escamadineen@cisco.com,749-505-0563,-20.488399,27.8018337
Petronella,Canniffe,pcanniffeeo@plala.or.jp,587-292-6590,15.1042521,101.0768333
Charmian,Pond-Jones,cpondjonesep@tiny.cc,156-149-5260,30.701369,111.98348
Rickey,Wallbank,rwallbankeq@yandex.ru,204-915-0053,58.703557,14.1362521
Karilynn,Johl,kjohler@apple.com,125-998-1620,47.3591366,2.8002946
Daffie,Pimbley,dpimbleyes@deviantart.com,930-274-9943,10.444021,-75.275171
Victoir,Tigner,vtigneret@reverbnation.com,134-152-7462,-14.68055,-69.534882
Sara-ann,Rodear,srodeareu@eepurl.com,888-312-0224,38.3613687,140.2790754
Ettore,Tarburn,etarburnev@bloomberg.com,757-496-8262,7.5164282,-78.1607186
Kellyann,Dickey,kdickeyew@zdnet.com,423-209-6186,16.158922,100.603798
Ericha,Beernt,ebeerntex@hexun.com,796-245-8360,-12.48564,-75.188667
Locke,Dobrowlski,ldobrowlskiey@php.net,748-137-9882,-2.8166669,114.65
Trueman,Welburn,twelburnez@odnoklassniki.ru,891-439-3370,-27.3869255,-55.9145502
Olly,Goose,ogoosef0@earthlink.net,398-905-6560,,
Alexi,Aspden,aaspdenf1@mtv.com,957-362-1829,46.5807254,125.1344298
Karissa,Atcherley,katcherleyf2@google.es,234-803-5129,-6.6382226,-79.7904475
Nerissa,Hamlyn,nhamlynf3@cafepress.com,319-202-8544,5.1625611,5.9251211
Warde,Colin,wcolinf4@vinaora.com,153-696-7444,,
Clara,Pilsbury,cpilsburyf5@blogtalkradio.com,492-461-9087,20.8965838,-105.4093552
Aldridge,Castellini,acastellinif6@sitemeter.com,940-901-7803,-8.241702,123.769227
Matt,Lazell,mlazellf7@canalblog.com,101-488-4320,14.6329018,-90.9259787
Mariette,Seiller,mseillerf8@digg.com,385-433-0038,-7.221299,111.5304344
Odo,McNay,omcnayf9@instagram.com,230-589-1963,35.422892,103.352654
Siana,Crosier,scrosierfa@webeden.co.uk,670-254-5723,5.9630513,10.1591213
Tobit,Petris,tpetrisfb@freewebs.com,329-800-5376,,
Catie,Scarce,cscarcefc@123-reg.co.uk,232-148-0280,35.429135,104.030413
Storm,Depka,sdepkafd@dedecms.com,280-450-3437,-12.883333,-74.466667
Lorenzo,Klulicek,lklulicekfe@ox.ac.uk,101-815-7065,25.22796,106.78953
Gilemette,Nezey,gnezeyff@howstuffworks.com,346-475-8152,38.322854,114.245006
Ellswerth,Rubinfajn,erubinfajnfg@apache.org,374-965-8917,30.292001,71.6657348
Rogerio,Roistone,rroistonefh@stumbleupon.com,357-234-7884,-3.8375079,119.8149736
Lemmy,Tander,ltanderfi@miibeian.gov.cn,999-242-9848,38.7755649,139.8966924
Gaylord,Heggie,gheggiefj@usnews.com,783-348-7088,56.1908828,14.776605
Angeli,Osgar,aosgarfk@bing.com,849-401-9704,38.0307786,23.7038541
Derrick,Losseljong,dlosseljongfl@hostgator.com,864-236-0470,14.914778,-91.444669
Ram,Van de Castele,rvandecastelefm@seattletimes.com,881-738-2977,-6.8641543,107.6232996
Betteanne,Jefferd,bjefferdfn@youtube.com,947-711-7417,25.038296,102.664376
Philbert,McHarry,pmcharryfo@booking.com,165-692-6292,36.3489618,37.5347993
Genovera,Rudkin,grudkinfp@ask.com,140-116-3686,-2.6832706,134.5690225
Terrill,Bernhardi,tbernhardifq@studiopress.com,168-667-1063,-8.3278028,122.9796796
Deanne,Tiley,dtileyfr@blogtalkradio.com,661-697-2487,-7.0728,114.0294
Alfonse,Lethieulier,alethieulierfs@cnbc.com,654-587-8953,50.3836071,19.087773
Kyle,Galpen,kgalpenft@adobe.com,731-323-7033,9.1914538,-10.1143176
Burt,Cardo,bcardofu@mozilla.org,941-641-0064,8.5333105,34.8016945
Mehetabel,Keppie,mkeppiefv@diigo.com,655-916-8938,24.546876,107.04219
Field,Esselen,fesselenfw@tuttocitta.it,798-960-4869,55.4618616,29.9874438
Tymon,Late,tlatefx@unc.edu,134-605-0973,53.4428794,41.8125556
Martainn,Lethbury,mlethburyfy@g.co,259-403-7573,41.3537964,-8.540112
Janeva,Ainge,jaingefz@businesswire.com,782-779-8558,36.284107,100.620031
Fina,Fraczak,ffraczakg0@shinystat.com,182-245-4637,49.873937,19.8512299
Clive,Swanborrow,cswanborrowg1@unc.edu,340-967-1668,41.5175253,-8.6009313
Arlie,Greed,agreedg2@arstechnica.com,651-243-5316,24.315499,109.410683
Ad,Laughtisse,alaughtisseg3@senate.gov,116-781-1881,38.7831391,-9.3478294
Tate,Mathers,tmathersg4@qq.com,644-514-1566,24.5552816,68.9071861
Ralph,Tybalt,rtybaltg5@hibu.com,782-306-2620,29.270311,88.880492
Waylan,Grassett,wgrassettg6@istockphoto.com,530-960-6382,45.3934915,42.5902261
Wayne,Bridgen,wbridgeng7@ustream.tv,669-395-5130,-8.5039043,115.0258394
Vincents,Tolomei,vtolomeig8@clickbank.net,502-643-4821,-6.9377422,106.8679899
Connie,Strahan,cstrahang9@wikispaces.com,184-880-6177,14.55647,121.018975
Joceline,Wooles,jwoolesga@stanford.edu,355-108-5381,44.5453926,2.14552
Reynolds,Gimblett,rgimblettgb@bbb.org,730-635-1157,45.9199884,13.6295806
Jehu,Selland,jsellandgc@irs.gov,833-416-6613,,
Valli,Lowless,vlowlessgd@webnode.com,433-878-5214,16.5196395,121.1798821
Cairistiona,Bertelet,cberteletge@ocn.ne.jp,444-357-3524,14.5715303,121.0235132
Nada,Wigg,nwigggf@twitter.com,882-675-7148,48.3909972,39.1524916
Wendel,Ismay,wismaygg@netlog.com,322-736-5609,27.910625,113.692921
Mala,Ofield,mofieldgh@howstuffworks.com,706-963-9826,49.8557953,20.8093376
Magdalene,Rockcliffe,mrockcliffegi@umich.edu,728-933-6602,9.2209606,-74.4028287
Cara,Slipper,cslippergj@cnn.com,863-880-4016,-14.4040989,-56.4370932
Mina,Playden,mplaydengk@exblog.jp,410-336-2444,39.2817753,-76.6932438
Gretel,Spickett,gspickettgl@hc360.com,760-185-9405,-16.9163431,-56.0249982
Emiline,Sonley,esonleygm@symantec.com,215-410-2937,-8.8165,116.5307
Leif,MacTrustie,lmactrustiegn@infoseek.co.jp,516-222-4980,18.2865589,105.4771084
Gunter,Dangerfield,gdangerfieldgo@live.com,185-757-8323,20.2019487,-87.4337425
Reba,Yesipov,ryesipovgp@sourceforge.net,687-618-3709,52.0103249,19.8082463
Alfie,Tidman,atidmangq@e-recht24.de,825-816-3963,-16.4708895,46.7164256
Terese,Monini,tmoninigr@constantcontact.com,479-524-2431,27.7845955,120.6706833
Wilbert,Sugarman,wsugarmangs@si.edu,295-638-9791,44.4466286,18.6510559
Laurianne,Sparey,lspareygt@digg.com,887-791-0411,48.1782952,25.3426628
Field,Southerill,fsoutherillgu@goo.gl,820-843-4015,-22.4313914,-43.4289497
Noel,Ilson,nilsongv@behance.net,742-508-0998,-6.8775,111.8752
Elise,Burgill,eburgillgw@xing.com,745-839-0154,42.9506191,143.1041325
Jaquenetta,Gunston,jgunstongx@ovh.net,478-228-2604,35.3750852,24.2012676
Bibbie,Fourmy,bfourmygy@slate.com,626-750-9194,-29.8990311,-51.0536949
Estevan,Cammocke,ecammockegz@nps.gov,105-645-8501,37.105382,116.694361
Uta,Fairbrace,ufairbraceh0@privacy.gov.au,215-445-6160,57.7045166,11.9303953
Cherry,Russilll,crussilllh1@etsy.com,722-988-8299,19.3376878,-99.0591821
Kori,Chislett,kchisletth2@reuters.com,622-335-6352,43.2,82.63333
Micheline,Winsbury,mwinsburyh3@tiny.cc,443-536-8691,-2.5063808,115.1296249
Rayna,Whittuck,rwhittuckh4@sciencedirect.com,787-791-1900,46.6473105,0.813275
Brod,Cornillot,bcornilloth5@clickbank.net,294-334-7509,-19.2773694,30.525031
Vicki,Hendin,vhendinh6@yandex.ru,954-814-8160,9.791337,-74.7975249
Huberto,Spratley,hspratleyh7@dion.ne.jp,513-576-0433,39.14,-84.54
Jedd,Cready,jcreadyh8@apple.com,920-522-4487,-21.2327222,-47.8167164
Terrel,Courtonne,tcourtonneh9@cpanel.net,715-758-9321,38.734814,93.330613
Lorin,Beesley,lbeesleyha@photobucket.com,969-685-3009,34.540852,109.44096
Starla,Ruddock,sruddockhb@uiuc.edu,564-972-8067,49.788203,19.70598
Budd,Gotcher,bgotcherhc@ask.com,960-908-8887,17.5165974,104.0769024
Haleigh,Sumner,hsumnerhd@mashable.com,979-540-0142,29.9826362,121.3165342
Saxon,Yurevich,syurevichhe@ucoz.com,638-400-6836,41.6848051,-7.2733583
Melodee,Nudde,mnuddehf@irs.gov,548-135-8455,52.2239735,5.1704277
Emogene,Atwater,eatwaterhg@free.fr,823-754-6945,-34.990888,138.574391
Gretchen,Farlam,gfarlamhh@wordpress.org,279-342-1242,-6.8172727,107.6185727
Jacintha,Burnell,jburnellhi@symantec.com,874-449-4058,47.7765978,27.9381723
Darya,Stonhouse,dstonhousehj@state.tx.us,312-382-3751,37.5957943,107.411996
Natty,Laphorn,nlaphornhk@1688.com,493-317-4987,32.2785242,14.5189214
Roderich,Godfree,rgodfreehl@comsenz.com,225-632-4432,-41.468917,-72.9411364
Rhiamon,Dorman,rdormanhm@booking.com,174-857-0236,38.9083752,-9.050741
Christin,Taffs,ctaffshn@tripadvisor.com,178-687-6874,53.2214074,-114.9766785
Mateo,Finby,mfinbyho@wordpress.org,898-307-3408,13.7643349,122.9760543
Francene,Yakushkev,fyakushkevhp@toplist.cz,693-538-6277,,
Juli,Janning,jjanninghq@youku.com,947-598-3524,23.1186718,113.3848198
Minnaminnie,Jakubowsky,mjakubowskyhr@1und1.de,373-258-9720,28.372506,121.385604
Ninette,Seath,nseathhs@cnbc.com,640-558-2877,44.6441724,-63.6010175
Stillman,McNeice,smcneiceht@howstuffworks.com,505-934-4872,50.44459,16.87578
Randy,Holyland,rholylandhu@illinois.edu,629-623-4424,41.9310069,25.5327587
Colleen,Heyball,cheyballhv@unicef.org,902-310-7231,16.597659,120.493376
Ginelle,Mingay,gmingayhw@cpanel.net,625-702-7736,28.9734441,34.6534332
Auguste,Fontin,afontinhx@bing.com,664-109-9300,-8.3202794,111.6362619
Junina,Ferreira,jferreirahy@nasa.gov,486-697-8953,34.613586,118.367215
Consuelo,Calvard,ccalvardhz@state.tx.us,400-619-7854,,
Lane,Shyre,lshyrei0@unicef.org,919-888-6059,-22.5284121,-43.7334089
Tawnya,De Miranda,tdemirandai1@tumblr.com,879-428-6579,-10.9265815,-74.8745545
Nonnah,Willoughway,nwilloughwayi2@squarespace.com,389-620-9344,54.8539133,38.5734956
Harriet,Cathrall,hcathralli3@fema.gov,564-958-6078,-7.3742259,108.4454089
Sigfrid,Raddin,sraddini4@globo.com,583-331-4412,-6.7297651,110.6779776
Guillema,Casarino,gcasarinoi5@msn.com,103-857-3940,43.553302,6.574529
Gayle,Henze,ghenzei6@imdb.com,289-550-6526,-8.3941828,115.1177654
Carree,Hacard,chacardi7@youku.com,978-572-6800,40.4423844,-8.6946024
Banky,Shalders,bshaldersi8@buzzfeed.com,599-146-8011,-2.7195658,120.2628111
Lu,Champe,lchampei9@ning.com,384-758-6064,36.222959,107.788257
Curcio,Dudin,cdudinia@eventbrite.com,494-658-5132,44.395234,125.697103
Ondrea,Lutwidge,olutwidgeib@cam.ac.uk,771-623-6466,14.5014709,121.0421391
Cicily,Hanfrey,chanfreyic@mac.com,888-771-8818,-34.6661172,-58.5288333
Betty,Summersby,bsummersbyid@hugedomains.com,928-164-0172,33.7868136,-112.28609
Delila,De Coursey,ddecourseyie@edublogs.org,149-312-7768,37.032706,80.34115
Tim,Larn,tlarnif@mail.ru,601-861-3023,32.2539326,-90.2481337
Cristionna,Abele,cabeleig@archive.org,764-466-3621,36.6753224,136.7483601
Galven,Bordis,gbordisih@tuttocitta.it,654-828-0221,0.93669,100.663597
Merwin,Donavan,mdonavanii@cbc.ca,780-695-4237,12.4226795,124.2636184
Bambi,Naisbit,bnaisbitij@nhs.uk,707-217-1515,32.399108,119.443303
Lock,Penelli,lpenelliik@msu.edu,867-450-9990,57.7236265,11.7360101
Darren,Last,dlastil@simplemachines.org,589-418-8081,18.2849318,109.5907878
Federica,Beston,fbestonim@gov.uk,288-262-8378,-24.6399084,-53.1426814
Abby,Ambrosini,aambrosiniin@linkedin.com,763-958-2852,43.3209022,21.8957589
Vin,Ventura,vventuraio@ocn.ne.jp,353-321-1689,48.2465578,31.4060472
Chadwick,Milstead,cmilsteadip@printfriendly.com,464-580-7613,18.3999996,121.5166702
Cortney,Pideon,cpideoniq@gizmodo.com,658-962-0347,-25.7189601,-56.4104044
Kirby,Haddleston,khaddlestonir@soup.io,512-487-7144,51.0768184,17.1762909
Paloma,Huot,phuotis@themeforest.net,427-935-0620,-8.91022,36.823139
Mair,Walpole,mwalpoleit@phoca.cz,969-529-3210,31.364902,108.249509
Leontyne,Hynam,lhynamiu@wsj.com,717-959-9305,52.2454069,16.8470545
Godart,Vellden,gvelldeniv@furl.net,918-482-0255,1.2061176,31.8164031
Blinny,Prestney,bprestneyiw@squarespace.com,173-512-0115,-6.7149192,111.1470115
Lannie,Sibson,lsibsonix@360.cn,126-338-9895,21.5149423,-78.219132
Darcy,Metts,dmettsiy@printfriendly.com,429-120-8694,40.1726307,-8.4357299
Cassie,Feek,cfeekiz@bloglines.com,229-952-3514,40.5753726,-8.5463483
Annelise,Zecchetti,azecchettij0@statcounter.com,986-414-8092,30.5604564,31.0079484
Hieronymus,Legg,hleggj1@cbslocal.com,858-240-3555,15.0410586,120.0745042
Pancho,Samways,psamwaysj2@bloomberg.com,665-132-6740,11.9227104,37.6998424
Reece,Hollingby,rhollingbyj3@webeden.co.uk,873-924-9695,9.4423308,118.2452273
Aura,Bikker,abikkerj4@flavors.me,776-999-4477,44.634519,41.9328118
Marlane,Beckerleg,mbeckerlegj5@zdnet.com,988-916-2523,-7.3276166,112.7137227
Leigha,Trustey,ltrusteyj6@redcross.org,283-570-2210,20.1564917,105.8736936
Stefania,Giraudel,sgiraudelj7@reuters.com,235-306-3623,22.672099,113.250897
Olympia,Cayette,ocayettej8@sun.com,777-987-5113,53.0985458,6.0694
Adah,Cometson,acometsonj9@1und1.de,605-229-4715,38.7255705,-9.4472984
Wilow,Elldred,welldredja@seattletimes.com,825-377-6773,45.6829132,13.9697218
Douglas,Biset,dbisetjb@sphinn.com,538-138-2309,-8.6192014,122.2058206
Richy,Livezey,rlivezeyjc@moonfruit.com,586-310-0445,-8.6268,120.4599
Ola,Cuerdale,ocuerdalejd@sfgate.com,426-812-5897,-13.945728,-72.1756733
Dorolice,Willowby,dwillowbyje@vinaora.com,905-823-4055,-26.8751803,-52.4040853
Olivero,Skitteral,oskitteraljf@blogs.com,992-174-9801,22.6166667,114.6702778
Edward,O'Fogarty,eofogartyjg@bloomberg.com,620-900-7164,51.349366,9.7730968
Arlana,Greydon,agreydonjh@google.com.br,920-396-1157,7.5521655,125.7343514
Butch,Errey,berreyji@squidoo.com,165-317-2216,-6.1513815,106.8915008
Nikolos,Blance,nblancejj@ebay.co.uk,396-153-3721,-18.1661375,-47.944531
Frederique,Leggat,fleggatjk@behance.net,993-895-8121,-2.4170155,115.5444231
Garry,M'Quhan,gmquhanjl@uol.com.br,708-917-2376,39.197212,117.059698
Michale,Brock,mbrockjm@npr.org,123-486-9381,16.0641802,108.1873407
Minerva,Shearsby,mshearsbyjn@reuters.com,272-685-4658,45.087456,15.9258141
Ermanno,Alban,ealbanjo@addtoany.com,201-212-2984,,
Waldon,Frondt,wfrondtjp@netlog.com,382-755-5023,25.606486,100.267638
Pedro,Alcoran,palcoranjq@blogger.com,591-248-9101,-8.4425528,114.288097
Ainslie,Ellerby,aellerbyjr@pinterest.com,643-112-5719,43.8699654,21.0688871
Cheston,Willmore,cwillmorejs@unblog.fr,361-435-6718,42.8212455,73.8536683
Marita,Molineaux,mmolineauxjt@thetimes.co.uk,910-164-6060,49.658104,18.5277819
Jacquie,Bittany,jbittanyju@zdnet.com,853-630-1663,20.0045547,105.9714566
Karalynn,Fell,kfelljv@xinhuanet.com,268-854-5777,,
Welch,Hinder,whinderjw@reference.com,701-173-1064,-8.6282191,116.4636472
Gustavo,Cubbon,gcubbonjx@tiny.cc,774-858-5877,35.811058,101.115673
Maighdiln,Rought,mroughtjy@gnu.org,458-372-8053,-34.6161437,-58.5238406
Susanna,Barratt,sbarrattjz@plala.or.jp,144-527-2925,41.5728211,23.7282719
Patrick,Barroux,pbarrouxk0@ning.com,757-942-9300,53.8533151,-8.9949917
Gilbertina,Arnson,garnsonk1@telegraph.co.uk,937-583-9567,40.2343129,44.2868976
Erskine,Banaszczyk,ebanaszczykk2@diigo.com,650-151-9226,-12.2684648,-41.5612423
Florida,Chapleo,fchapleok3@youtube.com,389-557-9825,29.48018,120.882428
Arturo,Ascrofte,aascroftek4@multiply.com,495-168-8962,28.440223,114.993228
Emmi,Schlagtmans,eschlagtmansk5@elpais.com,679-588-6026,42.8867657,26.44965
Sally,Taynton,stayntonk6@sciencedirect.com,623-477-4466,8.9990207,-79.5217021
Elijah,Spreag,espreagk7@ebay.co.uk,110-929-6735,8.2796966,-70.109113
Donielle,Lardnar,dlardnark8@java.com,192-422-3633,41.2687996,20.5931318
Giacomo,McKniely,gmcknielyk9@dropbox.com,181-794-6918,58.3986162,15.5385144
Brenna,MacCroary,bmaccroaryka@istockphoto.com,424-739-4731,,
Latia,Marginson,lmarginsonkb@ca.gov,318-316-2450,38.8757453,-7.1728338
Leupold,Boggs,lboggskc@unblog.fr,695-304-9329,36.3063646,127.5712809
Golda,Carlill,gcarlillkd@mayoclinic.com,416-209-7339,31.532311,119.567785
Clari,Martinat,cmartinatke@answers.com,171-827-4363,-8.1094987,115.1618941
Sayres,Dunstall,sdunstallkf@europa.eu,910-463-8785,11.3008218,124.6904308
Robers,Brogi,rbrogikg@ebay.co.uk,975-418-7211,30.780217,120.644805
Bron,Chatwood,bchatwoodkh@yale.edu,962-643-1910,60.0128251,30.0046156
Stephanie,Lankham,slankhamki@ebay.co.uk,416-672-9658,30.8716344,104.0134362
Miranda,Alabaster,malabasterkj@bandcamp.com,150-160-8141,26.006775,104.512603
Shae,Oswald,soswaldkk@yahoo.com,650-979-4690,51.91682,-109.13479
Nev,Braz,nbrazkl@ted.com,817-407-5269,-7.0638,113.5187
Teodora,Naismith,tnaismithkm@mit.edu,223-990-5942,30.7292723,31.7977797
Lester,Gresly,lgreslykn@nasa.gov,972-469-6827,32.8449965,-96.9799755
Kimball,Bowater,kbowaterko@irs.gov,642-509-6008,52.9480781,-7.0472382
Tanhya,Hancill,thancillkp@dyndns.org,286-773-0245,7.3111492,-73.2057595
Mignon,Cicchelli,mcicchellikq@businesswire.com,736-561-3274,57.6866936,12.2116683
Keefe,Hymas,khymaskr@51.la,678-580-5469,11.446769,125.491172
Clifford,Stiegers,cstiegersks@multiply.com,320-773-6870,2.9662346,99.7985457
Cece,Falla,cfallakt@miitbeian.gov.cn,191-942-5097,6.9333793,79.8441645
Byrom,Capes,bcapesku@abc.net.au,130-970-9022,-8.7872653,116.2804288
Layne,Perfili,lperfilikv@baidu.com,901-481-4444,41.2263185,-8.344485
Brantley,Capoun,bcapounkw@cloudflare.com,928-678-5139,31.42013,35.11516
Valentia,Whebell,vwhebellkx@nhs.uk,571-951-2065,55.6700613,12.5468826
Nickey,Sansum,nsansumky@github.io,411-491-7793,57.4924284,12.6475194
Alvina,Edie,aediekz@shop-pro.jp,269-643-3384,2.7239834,101.9476452
Gloriana,Aickin,gaickinl0@netscape.com,714-364-0452,22.5350405,114.060419
Matt,Loseke,mlosekel1@wix.com,106-576-7036,31.236833,121.532286
Marsha,Skeggs,mskeggsl2@youtube.com,245-238-0282,40.3306084,21.7886602
Konstanze,Kiddy,kkiddyl3@dmoz.org,252-685-3621,-34.5890239,-58.4297385
Milena,Jobb,mjobbl4@mapy.cz,455-201-3458,57.779388,158.5752259
Arleta,Segge,aseggel5@deliciousdays.com,907-828-9061,39.585229,117.238073
Cora,Droghan,cdroghanl6@pbs.org,508-635-2379,43.7454199,44.6830668
Ebonee,Rabbitt,erabbittl7@quantcast.com,180-719-8684,-11.9019296,-76.6658165
Hinze,Kornyakov,hkornyakovl8@ft.com,829-494-2071,26.9111769,87.9236747
Jere,Chadburn,jchadburnl9@typepad.com,587-561-9664,13.950488,121.157258
Adelina,Chitty,achittyla@usgs.gov,303-525-6427,35.202503,102.521807
Tailor,Pannett,tpannettlb@usgs.gov,358-341-2503,49.8922979,19.621588
Tasha,Weinberg,tweinberglc@tumblr.com,408-696-2739,5.119358,-75.023736
Bree,Streeton,bstreetonld@prlog.org,242-552-7241,29.3781872,121.9194335
Matthus,Dulieu,mdulieule@scientificamerican.com,852-681-5804,27.6332252,85.5277488
Dorena,Flement,dflementlf@umn.edu,248-149-0285,28.144185,103.972601
Gertrudis,Sandall,gsandalllg@youtu.be,979-859-2559,-6.9695439,112.5155694
Domenico,Plumtree,dplumtreelh@nifty.com,505-393-7499,11.0537,124.0385
Sonnie,Gresswood,sgresswoodli@marketwatch.com,381-296-9583,-7.114172,107.446012
Rufus,Boole,rboolelj@squarespace.com,277-569-2059,-5.8406158,-35.9369952
Gunilla,Pook,gpooklk@creativecommons.org,316-575-8334,,
Dulci,Mugglestone,dmugglestonell@4shared.com,924-268-5912,52.7634482,26.4275001
Ailene,Ambler,aamblerlm@tumblr.com,619-333-9744,37.8457328,139.2342041
Nikoletta,Lounds,nloundsln@hubpages.com,724-535-5224,37.035213,120.764679
Gerhardine,Pratt,gprattlo@topsy.com,690-289-9548,22.951554,112.10915
Ruthe,Adess,radesslp@mozilla.org,429-390-0673,28.406359,-106.8654066
Tyson,Ianson,tiansonlq@bbb.org,399-634-8020,47.389969,122.738679
Berny,Colhoun,bcolhounlr@icio.us,763-865-8925,51.5607333,43.1402151
Rustin,Brabender,rbrabenderls@wp.com,773-286-5875,-7.1221059,106.5701927
Nial,Khosa,nkhosalt@dropbox.com,473-705-4769,45.521519,3.5276642
Pauli,O'Bradane,pobradanelu@about.me,617-638-6239,27.615202,113.870729
Siana,Esel,sesellv@aboutads.info,619-134-5450,4.2292379,126.798485
Ginni,Snuggs,gsnuggslw@cmu.edu,262-410-8384,37.9810474,23.6498494
Olia,Blaxall,oblaxalllx@newyorker.com,462-313-8861,59.3664053,17.8763622
Theadora,Studman,tstudmanly@youtube.com,214-347-5420,32.7030883,-96.8029489
Jae,Lagne,jlagnelz@newsvine.com,521-915-1101,59.7725109,60.0672588
Olenka,Vasyuchov,ovasyuchovm0@cyberchimps.com,735-571-6856,13.2317498,123.7702587
Cash,Tootell,ctootellm1@answers.com,311-373-5473,44.00012,-77.13275
Katha,Cerie,kceriem2@washingtonpost.com,806-744-6295,15.38447,-61.344385
Glenn,Ecclesall,gecclesallm3@accuweather.com,917-678-6165,40.7038704,-74.0138541
Joyann,Fysh,jfyshm4@wisc.edu,829-852-9700,-8.2058799,113.1724461
Dionis,Juste,djustem5@europa.eu,957-331-9618,48.858575,17.0286982
Jarret,Tithacott,jtithacottm6@hc360.com,247-809-5471,37.6205429,48.5330218
Izabel,Huscroft,ihuscroftm7@networksolutions.com,519-594-0876,31.2278735,121.5194667
Jinny,Archer,jarcherm8@bizjournals.com,803-513-4706,9.85914,98.5940814
Sylvia,Clemas,sclemasm9@dyndns.org,840-564-5901,41.805699,123.431472
Arielle,Bartolozzi,abartolozzima@ocn.ne.jp,180-368-4974,-2.688962,111.622398
Marlyn,Decruse,mdecrusemb@tiny.cc,538-789-6380,39.8843177,-8.1035981
Sapphire,Oddboy,soddboymc@usda.gov,655-825-7131,48.6277459,2.4381665
Giorgia,Adderley,gadderleymd@cocolog-nifty.com,788-694-6349,50.1328637,14.2794469
Lauritz,Petrolli,lpetrollime@google.ru,729-715-8040,54.0962372,18.82934
Jethro,Davys,jdavysmf@youtu.be,758-280-4883,49.5769172,19.833467
Jake,Potteril,jpotterilmg@dailymail.co.uk,826-183-6168,39.906972,-8.2750089
Joyce,Hindenburg,jhindenburgmh@google.ca,228-134-5769,-6.7757862,111.7465609
Cleon,Fitzharris,cfitzharrismi@marketwatch.com,332-957-8777,52.0563021,4.3610449
Dolly,Bircher,dbirchermj@etsy.com,950-773-3973,,
Danica,Martyntsev,dmartyntsevmk@ox.ac.uk,131-786-0195,-6.2291489,106.8548083
Nataniel,Lensch,nlenschml@timesonline.co.uk,964-121-6024,36.02528,14.295
Husain,Bosson,hbossonmm@hao123.com,678-861-4006,40.8207633,24.2429692
Bram,Rizzolo,brizzolomn@senate.gov,574-578-5294,35.6603089,137.0242535
Nickie,Bryde,nbrydemo@shinystat.com,472-184-0307,13.7829673,109.2196634
Witty,Killock,wkillockmp@weather.com,832-391-3182,21.3785203,106.0875326
Karl,Howe,khowemq@a8.net,765-725-2367,10.7187596,12.1404037
Vladamir,Reinbeck,vreinbeckmr@illinois.edu,727-288-5991,14.5937178,120.9676054
Lishe,Upjohn,lupjohnms@bandcamp.com,174-554-8798,39.749144,116.143267
Becky,Rraundl,brraundlmt@dyndns.org,562-950-1595,56.6566914,16.5063562
Sol,Graysmark,sgraysmarkmu@addtoany.com,873-142-2208,-6.2307016,106.8827427
Joanne,Blum,jblummv@xrea.com,188-402-7601,25.962888,119.523266
Mart,Quantrell,mquantrellmw@whitehouse.gov,685-123-9588,11.4148113,-9.1788304
Sherri,Duke,sdukemx@youku.com,155-917-0215,-9.385742,-76.0043731
Karry,Mirrlees,kmirrleesmy@miibeian.gov.cn,656-271-2781,10.2183336,2.6660901
Reginauld,Smedmore,rsmedmoremz@github.com,935-394-2629,51.8885086,-8.445614
Drake,Iacobassi,diacobassin0@miitbeian.gov.cn,671-897-8857,53.8217803,80.3474566
Drugi,Okell,dokelln1@nyu.edu,216-646-2939,39.9179113,22.595535
Sheree,Firks,sfirksn2@alibaba.com,200-138-7963,51.1644956,18.2903712
Nobie,Primrose,nprimrosen3@usatoday.com,421-713-2438,22.251924,112.794065
Nalani,Mullally,nmullallyn4@uiuc.edu,373-453-8669,-28.832995,-52.5745556
Andee,Espley,aespleyn5@thetimes.co.uk,294-467-1844,14.5679735,121.0210496
Vicky,Richold,vricholdn6@github.com,169-823-8886,39.9791423,117.0643296
Kendricks,Caldes,kcaldesn7@ed.gov,943-130-2239,47.2495437,107.5408308
Lucas,Ronchetti,lronchettin8@bloglines.com,788-492-3594,-7.2489098,108.48102
Hazel,Sivior,hsiviorn9@paginegialle.it,467-383-0356,-7.5539241,110.8513373
Mignon,Carlsen,mcarlsenna@fotki.com,283-268-6918,28.918207,120.001353
Nathalia,Downe,ndownenb@disqus.com,822-509-7019,-7.3511436,112.7688416
Rafaela,Strode,rstrodenc@blinklist.com,373-413-5567,-8.6704582,115.2126293
Joey,Spurden,jspurdennd@sbwire.com,761-144-3138,,
Micaela,Janauschek,mjanauschekne@edublogs.org,533-150-7913,36.86278,66.16656
Otto,Jacquest,ojacquestnf@vimeo.com,232-461-5578,15.3445135,104.1560983
Barr,Danilyuk,bdanilyukng@latimes.com,890-173-3971,45.90453,127.460685
Kermit,Shrubsall,kshrubsallnh@mashable.com,390-211-8916,35.8037979,128.5005419
Geri,Baskerville,gbaskervilleni@oakley.com,317-832-9076,39.8911731,-86.2869507
Alexandra,Borrie,aborrienj@cloudflare.com,830-986-6593,33.048227,120.575443
Kathe,Shwenn,kshwennnk@wikispaces.com,295-914-7223,24.789361,103.140748
Olva,Bloan,obloannl@smh.com.au,434-191-7707,-9.4059855,119.2378899
Giuseppe,Potteridge,gpotteridgenm@usatoday.com,561-371-9418,52.5005848,22.3071086
Geralda,O'Criane,gocrianenn@amazon.com,548-502-3246,-8.5895217,117.2793685
Elyn,Ateggart,eateggartno@pbs.org,393-643-0044,32.477977,35.253787
Shepperd,Pegg,speggnp@chron.com,888-924-2521,62.6243044,26.8277488
Phillip,Meany,pmeanynq@jugem.jp,241-635-4458,,
Hernando,Wychard,hwychardnr@house.gov,374-703-5290,59.4746074,18.2397247
Audrey,Robeiro,arobeirons@ustream.tv,870-359-1855,34.527114,108.842622
Ysabel,MacAlester,ymacalesternt@w3.org,471-131-7684,30.1755285,121.3325306
Franzen,Fanti,ffantinu@domainmarket.com,333-559-1459,41.6183527,67.1894488
Irwinn,Lenchenko,ilenchenkonv@irs.gov,459-860-0523,-17.0806813,-40.9387356
Cosimo,Martindale,cmartindalenw@oakley.com,497-214-8452,60.5848255,27.7095936
Darren,Diss,ddissnx@dyndns.org,285-873-9668,22.279062,114.174463
Adah,Stickford,astickfordny@cargocollective.com,886-142-5206,13.6756725,-89.2514718
Caryn,Devanney,cdevanneynz@cornell.edu,363-937-0854,22.1461138,-78.9712451
Margaretta,Eborn,meborno0@wunderground.com,689-290-6618,45.53257,107.04546
Norry,Elion,neliono1@goo.gl,477-130-0391,3.3393833,-73.6300729
Tedra,Cubbit,tcubbito2@accuweather.com,609-306-1287,27.347756,118.449526
Abran,Haylands,ahaylandso3@dailymail.co.uk,212-504-5966,10.3080476,124.8136246
Marne,Magnar,mmagnaro4@mlb.com,436-950-7796,59.0835313,17.5698708
Hillard,Hatch,hhatcho5@usgs.gov,149-749-5179,48.071593,119.059106
Abdel,Ripsher,aripshero6@feedburner.com,240-839-6159,42.0633701,48.2534105
Niko,Pudding,npuddingo7@alibaba.com,869-709-5155,52.3636588,4.9355226
Brantley,Spencers,bspencerso8@is.gd,816-604-3716,,
Halley,Danielian,hdanieliano9@51.la,742-986-8742,31.2278735,121.5194667
Dorey,Gallyhaock,dgallyhaockoa@chronoengine.com,125-578-9565,40.974829,115.279249
Arther,Human,ahumanob@networkadvertising.org,705-376-9303,5.0071513,-72.5441445
Sonnie,Kenealy,skenealyoc@china.com.cn,235-167-7628,35.2019368,24.996407
Magdalene,Goter,mgoterod@businessweek.com,475-279-8380,18.3093394,42.7662325
Vassili,Peacop,vpeacopoe@intel.com,324-161-2818,,
Kimball,Gouldstone,kgouldstoneof@ning.com,426-556-5639,41.7941883,123.3695459
Arin,Pedder,apedderog@salon.com,420-643-8392,56.4987582,38.1830715
Gabriel,Basil,gbasiloh@loc.gov,122-996-7588,-7.0572973,107.5365647
Ezmeralda,Pressman,epressmanoi@symantec.com,601-634-7231,19.4805668,-99.2058279
Myrilla,Icke,mickeoj@yellowpages.com,555-307-1850,8.5067807,124.759938
Camellia,Causon,ccausonok@cdbaby.com,584-542-2686,41.1474096,24.9362443
Dennison,Drewell,ddrewellol@eventbrite.com,924-757-8459,-7.0631844,107.7843483
Nani,Artindale,nartindaleom@wisc.edu,911-600-3442,31.02364,121.215916
Merrili,Sargood,msargoodon@lulu.com,699-522-8484,-8.618134,122.1916328
Sidnee,Castles,scastlesoo@google.com,630-447-1681,39.764261,-8.7386338
Lorrin,Callacher,lcallacherop@123-reg.co.uk,433-212-6858,32.5171226,130.6026459
Ferdy,Burgh,fburghoq@eventbrite.com,443-382-3557,37.691429,118.122323
Nickey,Brickell,nbrickellor@ca.gov,175-889-6747,25.600272,115.786056
Raye,Rainforth,rrainforthos@deviantart.com,423-243-8356,-6.9039936,112.1717105
Darsey,Loins,dloinsot@dot.gov,703-248-4591,16.5564748,103.2432632
Antonella,Orfeur,aorfeurou@bbc.co.uk,162-744-7890,-29.7844393,-55.7980283
Honor,Creed,hcreedov@facebook.com,759-125-1237,-8.3081,113.4586
Donny,Deadman,ddeadmanow@ifeng.com,256-242-7168,-8.5381,123.51
Dalton,Hearnes,dhearnesox@tiny.cc,527-845-4501,28.9456318,111.7021355
Constantia,Spellessy,cspellessyoy@addtoany.com,351-301-6397,24.8415601,99.0818001
Janie,Verrechia,jverrechiaoz@typepad.com,901-220-6447,-8.8816,121.2125
Hillel,Johannes,hjohannesp0@fotki.com,736-229-4034,-8.4629286,118.7591541
Troy,Dulwitch,tdulwitchp1@squarespace.com,906-624-0420,23.982311,116.831826
Elisha,Augustus,eaugustusp2@apache.org,892-183-9506,-12.23146,-75.164368
Morgana,Wollrauch,mwollrauchp3@un.org,857-192-3028,33.6232699,130.5263203
Janith,Paradin,jparadinp4@dmoz.org,918-687-1577,57.4715317,12.7264154
Hermy,Lafont,hlafontp5@soundcloud.com,290-966-3310,36.9207067,137.9553704
Mellicent,Whylie,mwhyliep6@salon.com,365-450-4875,40.4148619,-7.707845
Abdul,Tunniclisse,atunniclissep7@cbc.ca,415-180-2149,53.3412978,46.2520423
Marysa,Greenier,mgreenierp8@shop-pro.jp,991-713-2213,10.266893,123.949939
Harp,Musicka,hmusickap9@shutterfly.com,643-778-3755,57.9887927,56.1415665
Tillie,Balderson,tbaldersonpa@vimeo.com,607-100-8603,49.9482828,36.0391858
Sharleen,Leahy,sleahypb@sitemeter.com,524-602-1867,15.488092,114.404754
Skipp,Di Domenico,sdidomenicopc@printfriendly.com,597-118-6231,51.5275957,17.2712122
Lurleen,Tebbet,ltebbetpd@dedecms.com,512-561-4586,14.7741387,99.8571416
Gerhardine,Apps,gappspe@smugmug.com,627-680-6709,22.550092,111.865917
Honoria,McDaid,hmcdaidpf@digg.com,145-854-9220,47.4936583,21.66245
Edgard,Trosdall,etrosdallpg@businessinsider.com,311-765-8654,22.691253,114.346251
Cathryn,Seery,cseeryph@usda.gov,620-169-8680,-6.2418983,107.0929915
Ariella,Blowing,ablowingpi@google.co.jp,407-740-8541,20.3192475,105.7439194
Dotty,Humbee,dhumbeepj@statcounter.com,774-434-8625,-32.1748082,-64.1108167
Jess,Ogan,joganpk@europa.eu,442-580-6490,37.6533531,138.9099913
Coop,Hetterich,chetterichpl@drupal.org,809-106-4461,39.781583,114.632886
Quentin,Smees,qsmeespm@whitehouse.gov,249-468-9313,,
Maddy,Fance,mfancepn@xinhuanet.com,182-130-8594,35.319084,114.540858
Christiana,Staden,cstadenpo@sphinn.com,404-316-1343,15.9156421,2.396174
Alyss,Churn,achurnpp@uiuc.edu,504-822-2194,,
Doralynne,Castro,dcastropq@usda.gov,207-494-5556,-7.9675395,112.7032945
Diandra,Purkiss,dpurkisspr@sourceforge.net,407-838-8447,29.926771,121.615088
Tabitha,Vlasyev,tvlasyevps@si.edu,771-102-8301,51.5136143,-0.1365486
Barbee,Bazell,bbazellpt@prlog.org,620-226-6471,-7.0303222,108.6368609
Pearce,Barlee,pbarleepu@army.mil,877-235-5161,12.4537943,102.2290442
Cliff,Raoul,craoulpv@stumbleupon.com,795-494-7075,-12.257739,43.6723087
Nadine,Kiltie,nkiltiepw@gov.uk,303-695-6836,45.4139794,-75.7103682
Ediva,Matresse,ematressepx@goodreads.com,119-467-5473,7.871544,122.550568
Dreddy,McIlwreath,dmcilwreathpy@eepurl.com,930-783-6757,22.8929945,-82.5050529
Nobie,O'Hagirtie,nohagirtiepz@jugem.jp,712-911-0183,-17.4086322,32.2256803
Joelly,Legging,jleggingq0@uol.com.br,987-822-7448,-11.2568167,-39.0710754
Terrill,Higford,thigfordq1@odnoklassniki.ru,755-553-3478,4.5191097,-76.0739999
Tori,Prall,tprallq2@twitpic.com,590-570-4123,43.708681,45.2427175
Lauralee,Blose,lbloseq3@columbia.edu,152-191-4890,25.549887,113.68437
Powell,Bracco,pbraccoq4@privacy.gov.au,327-180-1489,55.6665482,12.556108
Emmalynne,Reah,ereahq5@unc.edu,309-364-3450,40.7,-89.52
Derwin,Munton,dmuntonq6@rakuten.co.jp,695-677-1069,32.5815145,70.9099184
Angelica,Petley,apetleyq7@bbc.co.uk,623-992-7063,-7.1423376,108.1493458
Janaye,Cavalier,jcavalierq8@jugem.jp,910-772-9515,19.241239,108.758458
Amanda,Bims,abimsq9@cam.ac.uk,759-971-5143,22.279379,114.18077
Conchita,Caughte,ccaughteqa@example.com,647-656-9731,32.629398,110.798266
Bambi,Dilon,bdilonqb@chronoengine.com,598-308-1954,24.348365,105.759939
Sandy,Doerr,sdoerrqc@weibo.com,784-334-8243,55.2519048,52.5882232
Spencer,Dole,sdoleqd@google.pl,109-945-0937,-21.0504707,55.2828404
Danya,Wilcot,dwilcotqe@thetimes.co.uk,820-543-6354,32.318255,109.715304
Mace,Powdrill,mpowdrillqf@goodreads.com,796-604-9181,46.8118134,-0.5451553
Jud,Peirazzi,jpeirazziqg@xinhuanet.com,405-700-3025,34.9442746,132.4282484
Shantee,Maddicks,smaddicksqh@infoseek.co.jp,879-555-6869,46.4354039,141.859272
Cassondra,Manger,cmangerqi@gmpg.org,393-231-4355,29.625298,110.912619
Valida,Boothman,vboothmanqj@hibu.com,511-944-1524,49.8278894,6.0058975
Seumas,Camerello,scamerelloqk@msn.com,621-490-5145,10.2214803,-71.3111773
Lev,Kelling,lkellingql@nsw.gov.au,860-292-1233,-22.602558,-43.9055155
Maegan,Billes,mbillesqm@123-reg.co.uk,871-575-5824,-25.1694494,45.0606557
Kirstyn,DeSousa,kdesousaqn@cbsnews.com,285-960-5577,8.3351462,124.9801262
Raynell,Rugge,rruggeqo@meetup.com,160-493-3676,25.664461,116.760392
Gabriel,Stannislawski,gstannislawskiqp@webnode.com,519-700-4605,14.7174829,-91.3019094
Hymie,Tilston,htilstonqq@illinois.edu,130-173-2538,38.777855,-27.168076
Kirbee,Hearnes,khearnesqr@cafepress.com,686-455-2909,54.7278753,31.9292855
Hailey,Ruffler,hrufflerqs@google.com.au,760-585-7177,-38.9395203,-68.1324297
Rickie,McCarly,rmccarlyqt@ocn.ne.jp,405-609-8369,-7.2030729,112.0237903
Merle,Flitcroft,mflitcroftqu@narod.ru,475-398-6466,38.7527042,-9.3330417
Archibald,Siret,asiretqv@networkadvertising.org,544-206-2552,26.695419,101.841707
Horst,Sinyard,hsinyardqw@home.pl,283-161-1021,,
Huntington,Ruggiero,hruggieroqx@salon.com,237-953-6539,28.229271,120.997332
Susi,Kardos,skardosqy@hatena.ne.jp,805-342-0767,-6.2140375,106.8311173
Carmita,Hourigan,chouriganqz@nba.com,828-820-6947,53.3656498,34.1098425
Adolphe,Harcombe,aharcomber0@sfgate.com,221-970-4690,29.696108,118.315329
Blakelee,Challenor,bchallenorr1@nationalgeographic.com,954-722-7107,28.5417016,-81.2408689
Dorene,Linster,dlinsterr2@bbc.co.uk,549-928-8210,41.410051,-7.4489531
Victoir,France,vfrancer3@blogspot.com,682-279-1125,,
Lyndsay,Reade,lreader4@amazon.com,267-284-9362,,
Gena,Simunek,gsimunekr5@hostgator.com,742-234-3493,45.0432878,18.7972
Maryjo,Eyres,meyresr6@salon.com,209-229-2454,-8.7224002,115.1746415
Franky,Dudney,fdudneyr7@opera.com,892-932-6953,48.830394,2.2372823
Orlando,Tuhy,otuhyr8@goo.gl,416-238-6750,,
Ameline,Sans,asansr9@prnewswire.com,682-711-9070,45.260412,131.124079
Katerina,Bockmaster,kbockmasterra@java.com,492-810-8605,32.513883,118.677372
Hinze,Filip,hfiliprb@spotify.com,869-978-3641,29.731101,116.251947
Ansell,Ridgway,aridgwayrc@eventbrite.com,502-726-5737,39.283086,117.432007
Roderic,Crowth,rcrowthrd@cisco.com,344-433-8976,36.0917434,140.1139616
Jinny,Randals,jrandalsre@vkontakte.ru,937-304-0886,-6.26619,107.22105
Hastie,Butlin,hbutlinrf@soup.io,177-142-6717,51.4492114,7.1597986
Vyky,Borg,vborgrg@twitpic.com,318-778-6999,-6.948,113.1874
Storm,Berget,sbergetrh@deliciousdays.com,680-906-0196,-21.4138052,-42.1917995
Brinn,Aitken,baitkenri@github.io,764-871-4483,-6.8229172,111.3545546
Jaymie,Tollfree,jtollfreerj@spiegel.de,627-297-3500,-8.255,116.2591
Brina,Lemerle,blemerlerk@cnbc.com,412-178-6340,40.8385582,24.3031958
Adriane,Hethron,ahethronrl@google.ru,509-979-6061,25.1858677,44.6019551
Kary,Chaperlin,kchaperlinrm@ebay.com,142-349-8172,39.2604149,125.861953
Rice,Lane,rlanern@state.gov,610-605-7719,-17.6169957,177.4504888
Ann,Cliburn,acliburnro@mail.ru,682-783-1156,64.8157528,25.433892
Kissiah,Prevett,kprevettrp@taobao.com,295-208-8808,36.7226027,-4.467102
Westbrook,Sandilands,wsandilandsrq@google.co.jp,979-256-4307,7.4951158,134.6336896
Amalle,Raggles,aragglesrr@who.int,333-613-3096,-25.4426635,-49.0628847
